Day,Road Type,# Accidents
1 ene 2024,3,219
1 ene 2024,6,125
1 ene 2024,7,502
1 ene 2024,1,234
1 ene 2024,4,46
1 ene 2024,2,370
1 ene 2024,20,7
2 ene 2024,4,67
2 ene 2024,3,519
2 ene 2024,6,300
2 ene 2024,7,1041
2 ene 2024,17,2
2 ene 2024,2,638
2 ene 2024,1,287
2 ene 2024,20,5
3 ene 2024,17,1
3 ene 2024,7,1884
3 ene 2024,4,119
3 ene 2024,3,861
3 ene 2024,20,9
3 ene 2024,6,412
3 ene 2024,1,481
3 ene 2024,2,838
4 ene 2024,2,1100
4 ene 2024,17,7
4 ene 2024,1,536
4 ene 2024,6,558
4 ene 2024,20,20
4 ene 2024,4,180
4 ene 2024,3,1049
4 ene 2024,7,2214
5 ene 2024,1,622
5 ene 2024,2,1399
5 ene 2024,20,20
5 ene 2024,7,2564
5 ene 2024,6,601
5 ene 2024,3,1063
5 ene 2024,17,3
5 ene 2024,4,232
6 ene 2024,6,611
6 ene 2024,5,1
6 ene 2024,1,562
6 ene 2024,4,209
6 ene 2024,20,16
6 ene 2024,2,1418
6 ene 2024,7,2360
6 ene 2024,3,958
6 ene 2024,17,2
7 ene 2024,1,313
7 ene 2024,4,59
7 ene 2024,3,266
7 ene 2024,7,828
7 ene 2024,17,3
7 ene 2024,2,656
7 ene 2024,20,10
7 ene 2024,6,236
8 ene 2024,17,4
8 ene 2024,20,18
8 ene 2024,2,1320
8 ene 2024,6,485
8 ene 2024,1,592
8 ene 2024,3,886
8 ene 2024,4,194
8 ene 2024,7,2244
8 ene 2024,5,1
9 ene 2024,17,3
9 ene 2024,2,1910
9 ene 2024,3,1056
9 ene 2024,5,1
9 ene 2024,20,14
9 ene 2024,1,1023
9 ene 2024,6,652
9 ene 2024,4,307
9 ene 2024,7,3444
10 ene 2024,7,3036
10 ene 2024,4,319
10 ene 2024,17,10
10 ene 2024,3,1191
10 ene 2024,2,1774
10 ene 2024,6,631
10 ene 2024,1,784
10 ene 2024,20,15
11 ene 2024,1,818
11 ene 2024,3,1132
11 ene 2024,6,663
11 ene 2024,2,1761
11 ene 2024,20,16
11 ene 2024,17,8
11 ene 2024,7,3054
11 ene 2024,4,266
11 ene 2024,5,1
12 ene 2024,2,1997
12 ene 2024,4,274
12 ene 2024,20,20
12 ene 2024,3,1264
12 ene 2024,6,727
12 ene 2024,17,6
12 ene 2024,1,879
12 ene 2024,7,3484
13 ene 2024,17,4
13 ene 2024,7,2662
13 ene 2024,6,687
13 ene 2024,2,1603
13 ene 2024,20,13
13 ene 2024,4,245
13 ene 2024,1,672
13 ene 2024,3,1285
13 ene 2024,5,1
14 ene 2024,3,324
14 ene 2024,5,1
14 ene 2024,20,10
14 ene 2024,4,75
14 ene 2024,7,894
14 ene 2024,6,235
14 ene 2024,17,4
14 ene 2024,2,694
14 ene 2024,1,311
15 ene 2024,6,603
15 ene 2024,17,10
15 ene 2024,7,2874
15 ene 2024,5,2
15 ene 2024,2,1629
15 ene 2024,20,24
15 ene 2024,1,725
15 ene 2024,3,878
15 ene 2024,4,222
16 ene 2024,6,801
16 ene 2024,4,352
16 ene 2024,3,1305
16 ene 2024,2,2253
16 ene 2024,17,10
16 ene 2024,1,992
16 ene 2024,20,21
16 ene 2024,7,3740
17 ene 2024,3,1257
17 ene 2024,4,331
17 ene 2024,2,2443
17 ene 2024,20,24
17 ene 2024,1,1012
17 ene 2024,6,767
17 ene 2024,17,15
17 ene 2024,7,3984
18 ene 2024,7,3550
18 ene 2024,4,285
18 ene 2024,6,652
18 ene 2024,3,1188
18 ene 2024,20,20
18 ene 2024,1,916
18 ene 2024,17,3
18 ene 2024,2,2246
19 ene 2024,6,825
19 ene 2024,20,24
19 ene 2024,7,4026
19 ene 2024,1,1019
19 ene 2024,17,8
19 ene 2024,2,2290
19 ene 2024,3,1233
19 ene 2024,4,307
20 ene 2024,7,3103
20 ene 2024,20,23
20 ene 2024,1,747
20 ene 2024,17,7
20 ene 2024,3,1147
20 ene 2024,6,698
20 ene 2024,2,1650
20 ene 2024,4,238
21 ene 2024,3,401
21 ene 2024,20,14
21 ene 2024,17,1
21 ene 2024,6,277
21 ene 2024,1,398
21 ene 2024,4,91
21 ene 2024,2,783
21 ene 2024,7,991
22 ene 2024,3,929
22 ene 2024,7,2660
22 ene 2024,4,222
22 ene 2024,5,2
22 ene 2024,6,522
22 ene 2024,2,1684
22 ene 2024,20,10
22 ene 2024,1,678
22 ene 2024,17,8
23 ene 2024,3,1232
23 ene 2024,5,1
23 ene 2024,6,696
23 ene 2024,1,804
23 ene 2024,2,2235
23 ene 2024,4,315
23 ene 2024,20,20
23 ene 2024,17,11
23 ene 2024,7,3501
24 ene 2024,20,20
24 ene 2024,17,13
24 ene 2024,1,936
24 ene 2024,3,1248
24 ene 2024,6,788
24 ene 2024,2,2250
24 ene 2024,4,330
24 ene 2024,5,2
24 ene 2024,7,3648
25 ene 2024,1,819
25 ene 2024,4,303
25 ene 2024,7,3329
25 ene 2024,3,1131
25 ene 2024,2,2130
25 ene 2024,17,7
25 ene 2024,6,834
25 ene 2024,20,9
26 ene 2024,20,14
26 ene 2024,4,297
26 ene 2024,6,825
26 ene 2024,17,14
26 ene 2024,1,902
26 ene 2024,2,1959
26 ene 2024,3,1394
26 ene 2024,7,3659
27 ene 2024,6,656
27 ene 2024,7,2836
27 ene 2024,2,1629
27 ene 2024,17,4
27 ene 2024,4,253
27 ene 2024,20,11
27 ene 2024,1,692
27 ene 2024,3,1365
28 ene 2024,7,1019
28 ene 2024,20,8
28 ene 2024,17,3
28 ene 2024,1,289
28 ene 2024,3,410
28 ene 2024,4,101
28 ene 2024,6,212
28 ene 2024,2,683
29 ene 2024,4,222
29 ene 2024,3,853
29 ene 2024,6,566
29 ene 2024,7,2459
29 ene 2024,1,591
29 ene 2024,17,6
29 ene 2024,2,1641
29 ene 2024,20,15
30 ene 2024,2,2125
30 ene 2024,4,315
30 ene 2024,6,713
30 ene 2024,1,879
30 ene 2024,20,27
30 ene 2024,7,3391
30 ene 2024,17,8
30 ene 2024,3,1223
31 ene 2024,7,3853
31 ene 2024,3,1352
31 ene 2024,2,2371
31 ene 2024,5,1
31 ene 2024,4,333
31 ene 2024,17,12
31 ene 2024,20,22
31 ene 2024,1,1016
31 ene 2024,6,728
1 feb 2024,3,1297
1 feb 2024,4,340
1 feb 2024,2,2264
1 feb 2024,7,3646
1 feb 2024,1,926
1 feb 2024,17,4
1 feb 2024,6,688
1 feb 2024,20,13
2 feb 2024,3,1489
2 feb 2024,17,5
2 feb 2024,2,2731
2 feb 2024,7,4436
2 feb 2024,1,1091
2 feb 2024,10,1
2 feb 2024,5,1
2 feb 2024,4,410
2 feb 2024,20,20
2 feb 2024,6,832
3 feb 2024,1,674
3 feb 2024,7,2776
3 feb 2024,20,17
3 feb 2024,6,617
3 feb 2024,2,1734
3 feb 2024,17,3
3 feb 2024,4,246
3 feb 2024,3,1224
4 feb 2024,4,66
4 feb 2024,17,1
4 feb 2024,7,926
4 feb 2024,20,13
4 feb 2024,6,216
4 feb 2024,3,291
4 feb 2024,2,557
4 feb 2024,1,317
5 feb 2024,6,155
5 feb 2024,4,52
5 feb 2024,1,274
5 feb 2024,3,216
5 feb 2024,17,3
5 feb 2024,7,754
5 feb 2024,2,467
5 feb 2024,20,13
6 feb 2024,7,3017
6 feb 2024,3,1151
6 feb 2024,6,700
6 feb 2024,2,1855
6 feb 2024,1,759
6 feb 2024,4,264
6 feb 2024,20,13
6 feb 2024,5,2
6 feb 2024,17,6
7 feb 2024,6,818
7 feb 2024,1,1116
7 feb 2024,2,2624
7 feb 2024,4,365
7 feb 2024,17,6
7 feb 2024,20,17
7 feb 2024,7,3999
7 feb 2024,3,1423
8 feb 2024,1,1020
8 feb 2024,3,1263
8 feb 2024,20,24
8 feb 2024,17,6
8 feb 2024,2,2406
8 feb 2024,7,3892
8 feb 2024,5,2
8 feb 2024,4,330
8 feb 2024,6,832
9 feb 2024,5,1
9 feb 2024,4,351
9 feb 2024,20,27
9 feb 2024,6,832
9 feb 2024,7,4210
9 feb 2024,1,1147
9 feb 2024,2,2658
9 feb 2024,17,7
9 feb 2024,3,1568
10 feb 2024,3,1450
10 feb 2024,20,20
10 feb 2024,4,263
10 feb 2024,7,3309
10 feb 2024,17,8
10 feb 2024,6,737
10 feb 2024,1,939
10 feb 2024,2,1876
11 feb 2024,1,403
11 feb 2024,20,14
11 feb 2024,17,6
11 feb 2024,7,1149
11 feb 2024,3,353
11 feb 2024,5,1
11 feb 2024,2,863
11 feb 2024,4,82
11 feb 2024,6,318
12 feb 2024,4,262
12 feb 2024,6,606
12 feb 2024,1,669
12 feb 2024,3,1065
12 feb 2024,17,7
12 feb 2024,7,2822
12 feb 2024,2,1713
12 feb 2024,20,26
12 feb 2024,5,1
13 feb 2024,17,8
13 feb 2024,6,764
13 feb 2024,3,1446
13 feb 2024,2,2424
13 feb 2024,7,3842
13 feb 2024,4,337
13 feb 2024,1,913
13 feb 2024,20,26
14 feb 2024,5,2
14 feb 2024,20,37
14 feb 2024,1,1539
14 feb 2024,6,980
14 feb 2024,17,15
14 feb 2024,7,4856
14 feb 2024,4,457
14 feb 2024,3,1635
14 feb 2024,2,3180
15 feb 2024,10,1
15 feb 2024,7,4270
15 feb 2024,17,15
15 feb 2024,6,907
15 feb 2024,1,1328
15 feb 2024,4,398
15 feb 2024,2,2880
15 feb 2024,20,28
15 feb 2024,3,1395
16 feb 2024,17,12
16 feb 2024,20,53
16 feb 2024,4,492
16 feb 2024,2,3763
16 feb 2024,5,4
16 feb 2024,6,1149
16 feb 2024,3,2010
16 feb 2024,1,1729
16 feb 2024,7,5914
17 feb 2024,4,260
17 feb 2024,5,1
17 feb 2024,7,3609
17 feb 2024,6,790
17 feb 2024,20,23
17 feb 2024,1,1136
17 feb 2024,17,7
17 feb 2024,2,2172
17 feb 2024,3,1331
18 feb 2024,7,1263
18 feb 2024,5,1
18 feb 2024,20,15
18 feb 2024,6,357
18 feb 2024,10,1
18 feb 2024,1,491
18 feb 2024,2,868
18 feb 2024,17,7
18 feb 2024,3,352
18 feb 2024,4,72
19 feb 2024,5,1
19 feb 2024,4,275
19 feb 2024,17,10
19 feb 2024,3,1070
19 feb 2024,1,835
19 feb 2024,2,2046
19 feb 2024,6,719
19 feb 2024,20,19
19 feb 2024,7,3122
20 feb 2024,4,347
20 feb 2024,7,3709
20 feb 2024,20,25
20 feb 2024,3,1330
20 feb 2024,2,2499
20 feb 2024,6,850
20 feb 2024,17,7
20 feb 2024,1,1045
20 feb 2024,5,1
21 feb 2024,6,871
21 feb 2024,17,13
21 feb 2024,20,19
21 feb 2024,3,1401
21 feb 2024,10,1
21 feb 2024,2,2259
21 feb 2024,4,320
21 feb 2024,5,1
21 feb 2024,7,3646
21 feb 2024,1,939
22 feb 2024,20,30
22 feb 2024,1,1076
22 feb 2024,17,9
22 feb 2024,6,773
22 feb 2024,4,336
22 feb 2024,5,2
22 feb 2024,7,3554
22 feb 2024,2,2355
22 feb 2024,3,1484
23 feb 2024,3,1659
23 feb 2024,20,27
23 feb 2024,5,1
23 feb 2024,10,1
23 feb 2024,7,4605
23 feb 2024,4,382
23 feb 2024,1,1146
23 feb 2024,2,2230
23 feb 2024,17,6
23 feb 2024,6,878
24 feb 2024,2,2033
24 feb 2024,20,25
24 feb 2024,4,328
24 feb 2024,1,1000
24 feb 2024,6,810
24 feb 2024,7,3796
24 feb 2024,17,13
24 feb 2024,10,1
24 feb 2024,3,1594
25 feb 2024,17,12
25 feb 2024,20,23
25 feb 2024,7,1307
25 feb 2024,4,96
25 feb 2024,6,332
25 feb 2024,2,851
25 feb 2024,3,519
25 feb 2024,1,498
26 feb 2024,4,28
26 feb 2024,1,137
26 feb 2024,3,116
26 feb 2024,7,314
26 feb 2024,20,3
26 feb 2024,17,4
26 feb 2024,2,202
26 feb 2024,6,108
29 feb 2024,20,15
29 feb 2024,2,2248
29 feb 2024,17,8
29 feb 2024,1,921
29 feb 2024,3,1200
29 feb 2024,6,724
29 feb 2024,4,282
29 feb 2024,7,3241
1 mar 2024,3,1635
1 mar 2024,6,1012
1 mar 2024,2,2654
1 mar 2024,5,2
1 mar 2024,20,19
1 mar 2024,10,1
1 mar 2024,4,413
1 mar 2024,7,4284
1 mar 2024,1,1223
1 mar 2024,17,12
2 mar 2024,20,38
2 mar 2024,4,256
2 mar 2024,7,3142
2 mar 2024,2,1741
2 mar 2024,17,6
2 mar 2024,1,832
2 mar 2024,3,1438
2 mar 2024,6,772
2 mar 2024,10,1
3 mar 2024,20,16
3 mar 2024,5,1
3 mar 2024,4,79
3 mar 2024,2,716
3 mar 2024,7,1036
3 mar 2024,3,356
3 mar 2024,6,342
3 mar 2024,1,400
3 mar 2024,17,6
4 mar 2024,4,230
4 mar 2024,6,713
4 mar 2024,3,1101
4 mar 2024,17,12
4 mar 2024,7,2688
4 mar 2024,2,1771
4 mar 2024,20,19
4 mar 2024,5,2
4 mar 2024,1,822
5 mar 2024,4,325
5 mar 2024,17,10
5 mar 2024,3,1315
5 mar 2024,1,968
5 mar 2024,2,2301
5 mar 2024,7,3385
5 mar 2024,6,715
5 mar 2024,20,31
6 mar 2024,1,1113
6 mar 2024,5,1
6 mar 2024,7,3799
6 mar 2024,4,341
6 mar 2024,20,23
6 mar 2024,3,1383
6 mar 2024,6,876
6 mar 2024,2,2489
6 mar 2024,17,13
7 mar 2024,3,1469
7 mar 2024,2,2387
7 mar 2024,17,8
7 mar 2024,6,731
7 mar 2024,10,1
7 mar 2024,1,1089
7 mar 2024,20,20
7 mar 2024,4,419
7 mar 2024,7,3777
8 mar 2024,3,1658
8 mar 2024,20,19
8 mar 2024,2,2544
8 mar 2024,6,859
8 mar 2024,4,361
8 mar 2024,1,1436
8 mar 2024,17,11
8 mar 2024,7,3939
9 mar 2024,3,1390
9 mar 2024,2,2015
9 mar 2024,20,20
9 mar 2024,17,4
9 mar 2024,4,295
9 mar 2024,6,748
9 mar 2024,7,3243
9 mar 2024,1,1272
10 mar 2024,6,332
10 mar 2024,3,432
10 mar 2024,2,667
10 mar 2024,5,1
10 mar 2024,7,918
10 mar 2024,20,9
10 mar 2024,4,77
10 mar 2024,17,5
10 mar 2024,1,394
11 mar 2024,17,10
11 mar 2024,3,1167
11 mar 2024,2,1849
11 mar 2024,20,24
11 mar 2024,1,827
11 mar 2024,10,1
11 mar 2024,5,2
11 mar 2024,7,2823
11 mar 2024,4,262
11 mar 2024,6,631
12 mar 2024,20,22
12 mar 2024,5,1
12 mar 2024,10,2
12 mar 2024,3,1332
12 mar 2024,4,306
12 mar 2024,1,998
12 mar 2024,17,12
12 mar 2024,7,3575
12 mar 2024,6,818
12 mar 2024,2,2339
13 mar 2024,6,750
13 mar 2024,7,3630
13 mar 2024,2,2295
13 mar 2024,1,1042
13 mar 2024,4,311
13 mar 2024,10,1
13 mar 2024,17,10
13 mar 2024,20,24
13 mar 2024,3,1349
14 mar 2024,20,24
14 mar 2024,17,7
14 mar 2024,2,2184
14 mar 2024,7,3575
14 mar 2024,1,998
14 mar 2024,6,693
14 mar 2024,3,1485
14 mar 2024,4,379
15 mar 2024,1,959
15 mar 2024,17,8
15 mar 2024,7,4142
15 mar 2024,5,3
15 mar 2024,4,371
15 mar 2024,2,2270
15 mar 2024,6,828
15 mar 2024,3,1662
15 mar 2024,20,25
16 mar 2024,1,803
16 mar 2024,2,1710
16 mar 2024,6,731
16 mar 2024,20,31
16 mar 2024,3,1441
16 mar 2024,7,3142
16 mar 2024,10,3
16 mar 2024,4,266
16 mar 2024,17,1
17 mar 2024,4,90
17 mar 2024,17,5
17 mar 2024,6,299
17 mar 2024,10,1
17 mar 2024,1,426
17 mar 2024,20,21
17 mar 2024,2,767
17 mar 2024,7,1124
17 mar 2024,3,403
18 mar 2024,17,2
18 mar 2024,20,15
18 mar 2024,3,314
18 mar 2024,1,345
18 mar 2024,7,890
18 mar 2024,2,593
18 mar 2024,10,1
18 mar 2024,6,217
18 mar 2024,4,83
19 mar 2024,3,1170
19 mar 2024,17,9
19 mar 2024,10,1
19 mar 2024,1,1058
19 mar 2024,6,684
19 mar 2024,7,3401
19 mar 2024,4,350
19 mar 2024,2,2336
19 mar 2024,20,20
20 mar 2024,5,1
20 mar 2024,6,891
20 mar 2024,17,11
20 mar 2024,1,1200
20 mar 2024,3,1579
20 mar 2024,10,1
20 mar 2024,20,22
20 mar 2024,2,2653
20 mar 2024,7,4072
20 mar 2024,4,396
21 mar 2024,4,352
21 mar 2024,5,1
21 mar 2024,20,27
21 mar 2024,1,1041
21 mar 2024,2,2395
21 mar 2024,17,5
21 mar 2024,7,3786
21 mar 2024,6,786
21 mar 2024,3,1438
22 mar 2024,3,1672
22 mar 2024,4,390
22 mar 2024,7,4118
22 mar 2024,20,20
22 mar 2024,6,820
22 mar 2024,17,6
22 mar 2024,5,1
22 mar 2024,2,2583
22 mar 2024,1,1081
23 mar 2024,6,717
23 mar 2024,10,2
23 mar 2024,3,1281
23 mar 2024,2,1626
23 mar 2024,7,2687
23 mar 2024,1,722
23 mar 2024,17,10
23 mar 2024,20,13
23 mar 2024,4,238
24 mar 2024,7,787
24 mar 2024,1,362
24 mar 2024,17,7
24 mar 2024,6,225
24 mar 2024,20,9
24 mar 2024,3,319
24 mar 2024,2,576
24 mar 2024,4,83
25 mar 2024,4,149
25 mar 2024,17,4
25 mar 2024,3,843
25 mar 2024,2,850
25 mar 2024,1,442
25 mar 2024,6,413
25 mar 2024,20,14
25 mar 2024,7,1483
26 mar 2024,3,1053
26 mar 2024,20,19
26 mar 2024,7,1957
26 mar 2024,17,5
26 mar 2024,5,1
26 mar 2024,4,192
26 mar 2024,1,454
26 mar 2024,2,1038
26 mar 2024,6,471
27 mar 2024,20,17
27 mar 2024,1,481
27 mar 2024,2,1062
27 mar 2024,3,1167
27 mar 2024,10,1
27 mar 2024,7,2059
27 mar 2024,6,577
27 mar 2024,4,220
27 mar 2024,17,8
28 mar 2024,17,4
28 mar 2024,6,394
28 mar 2024,1,376
28 mar 2024,2,749
28 mar 2024,20,13
28 mar 2024,4,103
28 mar 2024,3,700
28 mar 2024,7,1145
29 mar 2024,20,13
29 mar 2024,4,42
29 mar 2024,3,204
29 mar 2024,1,263
29 mar 2024,6,134
29 mar 2024,7,552
29 mar 2024,10,1
29 mar 2024,17,3
29 mar 2024,2,406
30 mar 2024,7,627
30 mar 2024,17,4
30 mar 2024,2,410
30 mar 2024,6,189
30 mar 2024,20,8
30 mar 2024,3,242
30 mar 2024,4,55
30 mar 2024,1,239
31 mar 2024,7,639
31 mar 2024,3,276
31 mar 2024,2,470
31 mar 2024,6,170
31 mar 2024,5,1
31 mar 2024,1,290
31 mar 2024,20,9
31 mar 2024,17,2
31 mar 2024,4,44
1 abr 2024,4,165
1 abr 2024,17,9
1 abr 2024,2,858
1 abr 2024,10,1
1 abr 2024,7,1593
1 abr 2024,3,910
1 abr 2024,20,16
1 abr 2024,6,535
1 abr 2024,1,466
2 abr 2024,4,206
2 abr 2024,20,20
2 abr 2024,6,614
2 abr 2024,1,519
2 abr 2024,2,998
2 abr 2024,7,2129
2 abr 2024,10,1
2 abr 2024,17,3
2 abr 2024,3,1103
3 abr 2024,6,576
3 abr 2024,2,1027
3 abr 2024,3,1163
3 abr 2024,4,225
3 abr 2024,17,9
3 abr 2024,20,12
3 abr 2024,1,489
3 abr 2024,7,2181
4 abr 2024,7,2074
4 abr 2024,4,251
4 abr 2024,2,1112
4 abr 2024,3,1110
4 abr 2024,5,1
4 abr 2024,20,19
4 abr 2024,17,8
4 abr 2024,6,642
4 abr 2024,1,489
5 abr 2024,6,662
5 abr 2024,4,216
5 abr 2024,2,1187
5 abr 2024,20,14
5 abr 2024,3,1140
5 abr 2024,17,5
5 abr 2024,7,2404
5 abr 2024,1,570
6 abr 2024,17,2
6 abr 2024,1,517
6 abr 2024,3,1087
6 abr 2024,6,527
6 abr 2024,5,1
6 abr 2024,2,1089
6 abr 2024,7,2134
6 abr 2024,4,195
6 abr 2024,20,9
7 abr 2024,17,5
7 abr 2024,20,18
7 abr 2024,7,864
7 abr 2024,3,348
7 abr 2024,2,573
7 abr 2024,4,79
7 abr 2024,1,350
7 abr 2024,6,247
8 abr 2024,6,457
8 abr 2024,7,1837
8 abr 2024,4,176
8 abr 2024,1,512
8 abr 2024,2,1088
8 abr 2024,20,15
8 abr 2024,17,6
8 abr 2024,3,920
8 abr 2024,5,2
9 abr 2024,3,1284
9 abr 2024,1,903
9 abr 2024,6,804
9 abr 2024,7,3763
9 abr 2024,20,28
9 abr 2024,2,2209
9 abr 2024,4,348
9 abr 2024,17,12
9 abr 2024,5,1
10 abr 2024,17,12
10 abr 2024,1,989
10 abr 2024,6,749
10 abr 2024,3,1398
10 abr 2024,4,325
10 abr 2024,2,2284
10 abr 2024,20,34
10 abr 2024,7,3607
11 abr 2024,17,10
11 abr 2024,20,12
11 abr 2024,3,1290
11 abr 2024,10,1
11 abr 2024,1,992
11 abr 2024,7,3591
11 abr 2024,2,2160
11 abr 2024,6,724
11 abr 2024,4,325
12 abr 2024,6,843
12 abr 2024,1,1016
12 abr 2024,3,1493
12 abr 2024,10,1
12 abr 2024,5,2
12 abr 2024,2,2401
12 abr 2024,20,19
12 abr 2024,4,408
12 abr 2024,17,8
12 abr 2024,7,3984
13 abr 2024,3,1215
13 abr 2024,6,703
13 abr 2024,10,1
13 abr 2024,2,1698
13 abr 2024,1,738
13 abr 2024,4,259
13 abr 2024,20,25
13 abr 2024,7,2940
13 abr 2024,17,8
14 abr 2024,4,92
14 abr 2024,20,17
14 abr 2024,5,3
14 abr 2024,7,959
14 abr 2024,2,635
14 abr 2024,1,375
14 abr 2024,3,362
14 abr 2024,17,7
14 abr 2024,6,275
15 abr 2024,20,17
15 abr 2024,3,972
15 abr 2024,6,588
15 abr 2024,1,744
15 abr 2024,5,2
15 abr 2024,10,1
15 abr 2024,2,1687
15 abr 2024,4,241
15 abr 2024,17,4
15 abr 2024,7,2699
16 abr 2024,20,27
16 abr 2024,6,801
16 abr 2024,1,1043
16 abr 2024,4,335
16 abr 2024,3,1363
16 abr 2024,2,2278
16 abr 2024,7,3523
16 abr 2024,10,3
17 abr 2024,6,756
17 abr 2024,3,1339
17 abr 2024,5,2
17 abr 2024,2,2278
17 abr 2024,1,1001
17 abr 2024,20,20
17 abr 2024,4,336
17 abr 2024,17,9
17 abr 2024,7,3400
18 abr 2024,4,368
18 abr 2024,5,3
18 abr 2024,1,1035
18 abr 2024,2,2160
18 abr 2024,20,26
18 abr 2024,6,756
18 abr 2024,10,1
18 abr 2024,7,3638
18 abr 2024,3,1376
18 abr 2024,17,9
19 abr 2024,1,999
19 abr 2024,7,4104
19 abr 2024,5,1
19 abr 2024,20,30
19 abr 2024,3,1703
19 abr 2024,2,2375
19 abr 2024,17,14
19 abr 2024,4,367
19 abr 2024,6,869
20 abr 2024,7,3067
20 abr 2024,10,1
20 abr 2024,2,1652
20 abr 2024,3,1281
20 abr 2024,1,736
20 abr 2024,17,7
20 abr 2024,6,751
20 abr 2024,4,271
20 abr 2024,20,28
21 abr 2024,17,7
21 abr 2024,4,83
21 abr 2024,10,2
21 abr 2024,2,605
21 abr 2024,1,323
21 abr 2024,3,465
21 abr 2024,5,2
21 abr 2024,7,898
21 abr 2024,6,258
21 abr 2024,20,20
22 abr 2024,5,2
22 abr 2024,1,708
22 abr 2024,3,1147
22 abr 2024,17,6
22 abr 2024,20,22
22 abr 2024,6,479
22 abr 2024,2,1595
22 abr 2024,7,2545
22 abr 2024,4,237
23 abr 2024,17,14
23 abr 2024,2,2105
23 abr 2024,7,3273
23 abr 2024,4,347
23 abr 2024,3,1221
23 abr 2024,6,731
23 abr 2024,5,2
23 abr 2024,20,17
23 abr 2024,1,923
24 abr 2024,7,3293
24 abr 2024,6,843
24 abr 2024,2,2070
24 abr 2024,3,1487
24 abr 2024,4,366
24 abr 2024,17,10
24 abr 2024,1,876
24 abr 2024,20,22
25 abr 2024,10,1
25 abr 2024,17,6
25 abr 2024,20,31
25 abr 2024,1,898
25 abr 2024,3,1371
25 abr 2024,4,359
25 abr 2024,7,3493
25 abr 2024,2,2065
25 abr 2024,6,750
26 abr 2024,20,21
26 abr 2024,7,3371
26 abr 2024,3,1478
26 abr 2024,6,761
26 abr 2024,5,1
26 abr 2024,2,1704
26 abr 2024,4,330
26 abr 2024,1,774
26 abr 2024,17,5
27 abr 2024,2,1501
27 abr 2024,20,21
27 abr 2024,17,8
27 abr 2024,3,1184
27 abr 2024,4,257
27 abr 2024,1,736
27 abr 2024,6,793
27 abr 2024,5,2
27 abr 2024,7,2903
28 abr 2024,1,384
28 abr 2024,6,407
28 abr 2024,4,93
28 abr 2024,7,1135
28 abr 2024,17,16
28 abr 2024,20,13
28 abr 2024,5,1
28 abr 2024,3,409
28 abr 2024,2,643
29 abr 2024,17,6
29 abr 2024,6,599
29 abr 2024,2,1551
29 abr 2024,20,21
29 abr 2024,4,236
29 abr 2024,3,1008
29 abr 2024,7,2386
29 abr 2024,1,607
30 abr 2024,5,2
30 abr 2024,17,3
30 abr 2024,20,15
30 abr 2024,2,2150
30 abr 2024,7,3421
30 abr 2024,1,902
30 abr 2024,3,1210
30 abr 2024,4,317
30 abr 2024,6,694
30 abr 2024,10,1
1 may 2024,5,1
1 may 2024,20,14
1 may 2024,6,357
1 may 2024,7,1455
1 may 2024,2,818
1 may 2024,17,6
1 may 2024,3,510
1 may 2024,4,125
1 may 2024,1,484
2 may 2024,3,975
2 may 2024,2,1633
2 may 2024,1,710
2 may 2024,4,226
2 may 2024,10,1
2 may 2024,6,665
2 may 2024,17,2
2 may 2024,7,2890
2 may 2024,20,23
3 may 2024,4,308
3 may 2024,1,968
3 may 2024,7,3810
3 may 2024,2,2025
3 may 2024,3,1474
3 may 2024,20,15
3 may 2024,6,782
3 may 2024,17,11
4 may 2024,1,691
4 may 2024,7,3009
4 may 2024,6,777
4 may 2024,2,1659
4 may 2024,4,232
4 may 2024,20,21
4 may 2024,17,8
4 may 2024,3,1213
4 may 2024,10,1
5 may 2024,10,1
5 may 2024,7,815
5 may 2024,3,277
5 may 2024,5,1
5 may 2024,2,569
5 may 2024,6,265
5 may 2024,20,10
5 may 2024,4,81
5 may 2024,17,3
5 may 2024,1,288
6 may 2024,3,1130
6 may 2024,5,1
6 may 2024,4,239
6 may 2024,17,8
6 may 2024,2,1548
6 may 2024,1,649
6 may 2024,7,2463
6 may 2024,20,22
6 may 2024,6,577
7 may 2024,2,1965
7 may 2024,6,758
7 may 2024,20,14
7 may 2024,1,748
7 may 2024,4,314
7 may 2024,5,1
7 may 2024,7,2844
7 may 2024,3,1101
7 may 2024,17,13
7 may 2024,10,1
8 may 2024,1,934
8 may 2024,3,1511
8 may 2024,7,3525
8 may 2024,2,2159
8 may 2024,6,817
8 may 2024,10,1
8 may 2024,4,342
8 may 2024,20,26
8 may 2024,17,6
9 may 2024,5,1
9 may 2024,6,793
9 may 2024,1,958
9 may 2024,20,42
9 may 2024,4,347
9 may 2024,10,2
9 may 2024,7,3725
9 may 2024,3,1446
9 may 2024,17,11
9 may 2024,2,2219
10 may 2024,20,29
10 may 2024,3,1851
10 may 2024,6,953
10 may 2024,2,2308
10 may 2024,1,1024
10 may 2024,4,349
10 may 2024,7,4201
10 may 2024,17,11
10 may 2024,5,2
11 may 2024,5,1
11 may 2024,7,2127
11 may 2024,17,5
11 may 2024,3,1043
11 may 2024,20,20
11 may 2024,1,471
11 may 2024,2,1167
11 may 2024,4,195
11 may 2024,6,613
12 may 2024,17,3
12 may 2024,6,244
12 may 2024,4,73
12 may 2024,1,281
12 may 2024,7,797
12 may 2024,3,337
12 may 2024,5,2
12 may 2024,20,11
12 may 2024,2,551
13 may 2024,1,592
13 may 2024,7,2516
13 may 2024,2,1376
13 may 2024,4,245
13 may 2024,20,21
13 may 2024,3,980
13 may 2024,6,493
13 may 2024,10,1
13 may 2024,17,7
14 may 2024,7,3152
14 may 2024,2,1941
14 may 2024,17,8
14 may 2024,1,799
14 may 2024,20,28
14 may 2024,6,683
14 may 2024,4,317
14 may 2024,3,1292
15 may 2024,20,16
15 may 2024,1,664
15 may 2024,17,8
15 may 2024,6,630
15 may 2024,5,1
15 may 2024,3,1223
15 may 2024,4,252
15 may 2024,7,2956
15 may 2024,2,1434
16 may 2024,2,2205
16 may 2024,3,1437
16 may 2024,7,3599
16 may 2024,17,10
16 may 2024,5,3
16 may 2024,1,946
16 may 2024,6,730
16 may 2024,4,356
16 may 2024,10,1
16 may 2024,20,30
17 may 2024,3,1641
17 may 2024,6,753
17 may 2024,1,951
17 may 2024,4,351
17 may 2024,5,1
17 may 2024,17,11
17 may 2024,7,3712
17 may 2024,2,2229
17 may 2024,20,24
18 may 2024,1,738
18 may 2024,4,342
18 may 2024,2,1898
18 may 2024,6,770
18 may 2024,3,1602
18 may 2024,7,3218
18 may 2024,20,38
18 may 2024,17,10
19 may 2024,17,3
19 may 2024,2,604
19 may 2024,7,911
19 may 2024,20,18
19 may 2024,1,324
19 may 2024,6,320
19 may 2024,5,1
19 may 2024,3,426
19 may 2024,4,78
19 may 2024,10,1
20 may 2024,17,14
20 may 2024,5,2
20 may 2024,6,535
20 may 2024,7,2388
20 may 2024,4,223
20 may 2024,3,1120
20 may 2024,2,1410
20 may 2024,1,622
20 may 2024,20,22
21 may 2024,4,278
21 may 2024,5,1
21 may 2024,2,1747
21 may 2024,7,2839
21 may 2024,17,4
21 may 2024,3,1168
21 may 2024,20,20
21 may 2024,1,790
21 may 2024,6,632
22 may 2024,1,766
22 may 2024,4,261
22 may 2024,17,6
22 may 2024,3,1138
22 may 2024,7,3218
22 may 2024,20,23
22 may 2024,6,688
22 may 2024,2,1742
23 may 2024,6,680
23 may 2024,2,1815
23 may 2024,1,805
23 may 2024,7,3215
23 may 2024,17,6
23 may 2024,4,304
23 may 2024,3,1366
23 may 2024,20,29
24 may 2024,1,791
24 may 2024,5,2
24 may 2024,6,631
24 may 2024,17,4
24 may 2024,2,1860
24 may 2024,4,317
24 may 2024,20,24
24 may 2024,7,3431
24 may 2024,3,1509
25 may 2024,6,656
25 may 2024,3,1307
25 may 2024,2,1396
25 may 2024,4,209
25 may 2024,7,2750
25 may 2024,1,649
25 may 2024,5,12
25 may 2024,20,17
25 may 2024,17,3
26 may 2024,7,937
26 may 2024,20,18
26 may 2024,17,3
26 may 2024,1,313
26 may 2024,2,664
26 may 2024,3,419
26 may 2024,5,2
26 may 2024,4,76
26 may 2024,6,252
26 may 2024,10,1
27 may 2024,6,446
27 may 2024,17,6
27 may 2024,3,927
27 may 2024,5,4
27 may 2024,2,1211
27 may 2024,4,174
27 may 2024,1,473
27 may 2024,7,2035
27 may 2024,20,19
28 may 2024,17,5
28 may 2024,5,2
28 may 2024,6,609
28 may 2024,20,18
28 may 2024,1,676
28 may 2024,4,262
28 may 2024,3,1121
28 may 2024,2,1641
28 may 2024,7,2702
28 may 2024,10,2
29 may 2024,7,3628
29 may 2024,6,725
29 may 2024,3,1282
29 may 2024,20,18
29 may 2024,17,13
29 may 2024,2,2097
29 may 2024,4,312
29 may 2024,1,993
29 may 2024,5,4
30 may 2024,1,1002
30 may 2024,6,681
30 may 2024,3,1337
30 may 2024,4,301
30 may 2024,20,26
30 may 2024,7,3519
30 may 2024,2,2029
30 may 2024,5,6
30 may 2024,17,7
31 may 2024,2,1700
31 may 2024,7,3310
31 may 2024,3,1453
31 may 2024,6,652
31 may 2024,4,282
31 may 2024,5,1
31 may 2024,17,5
31 may 2024,10,1
31 may 2024,1,750
31 may 2024,20,20
1 jun 2024,20,20
1 jun 2024,2,1544
1 jun 2024,3,1106
1 jun 2024,7,2776
1 jun 2024,6,740
1 jun 2024,1,679
1 jun 2024,17,5
1 jun 2024,4,253
2 jun 2024,2,954
2 jun 2024,4,99
2 jun 2024,6,403
2 jun 2024,7,1281
2 jun 2024,3,445
2 jun 2024,20,17
2 jun 2024,1,455
2 jun 2024,5,7
2 jun 2024,17,7
3 jun 2024,2,1274
3 jun 2024,7,2316
3 jun 2024,20,21
3 jun 2024,3,932
3 jun 2024,1,555
3 jun 2024,4,222
3 jun 2024,17,5
3 jun 2024,10,1
3 jun 2024,6,455
4 jun 2024,17,6
4 jun 2024,3,1049
4 jun 2024,5,2
4 jun 2024,6,581
4 jun 2024,4,256
4 jun 2024,7,2772
4 jun 2024,20,21
4 jun 2024,1,693
4 jun 2024,2,1706
5 jun 2024,4,265
5 jun 2024,10,2
5 jun 2024,7,3206
5 jun 2024,2,1908
5 jun 2024,3,1313
5 jun 2024,20,16
5 jun 2024,1,808
5 jun 2024,6,610
5 jun 2024,17,7
6 jun 2024,4,279
6 jun 2024,6,641
6 jun 2024,2,1875
6 jun 2024,20,25
6 jun 2024,7,3150
6 jun 2024,17,11
6 jun 2024,1,828
6 jun 2024,3,1311
7 jun 2024,4,341
7 jun 2024,2,2020
7 jun 2024,1,937
7 jun 2024,20,30
7 jun 2024,10,1
7 jun 2024,7,3772
7 jun 2024,6,718
7 jun 2024,3,1482
7 jun 2024,17,15
8 jun 2024,5,1
8 jun 2024,10,1
8 jun 2024,3,1166
8 jun 2024,6,688
8 jun 2024,20,25
8 jun 2024,17,10
8 jun 2024,1,797
8 jun 2024,7,2937
8 jun 2024,4,274
8 jun 2024,2,1793
9 jun 2024,1,374
9 jun 2024,20,17
9 jun 2024,10,1
9 jun 2024,4,100
9 jun 2024,3,567
9 jun 2024,7,1084
9 jun 2024,17,6
9 jun 2024,2,667
9 jun 2024,6,328
10 jun 2024,7,1565
10 jun 2024,1,361
10 jun 2024,20,11
10 jun 2024,4,160
10 jun 2024,17,5
10 jun 2024,2,773
10 jun 2024,3,737
10 jun 2024,6,387
11 jun 2024,4,286
11 jun 2024,7,2913
11 jun 2024,1,688
11 jun 2024,6,655
11 jun 2024,20,20
11 jun 2024,3,1148
11 jun 2024,17,11
11 jun 2024,2,1549
12 jun 2024,1,717
12 jun 2024,3,1288
12 jun 2024,7,2934
12 jun 2024,2,1551
12 jun 2024,6,691
12 jun 2024,17,5
12 jun 2024,20,18
12 jun 2024,4,255
12 jun 2024,5,4
13 jun 2024,2,1743
13 jun 2024,3,1310
13 jun 2024,7,2997
13 jun 2024,4,312
13 jun 2024,17,17
13 jun 2024,1,760
13 jun 2024,10,1
13 jun 2024,5,1
13 jun 2024,6,642
13 jun 2024,20,19
14 jun 2024,4,319
14 jun 2024,3,1470
14 jun 2024,6,762
14 jun 2024,7,3878
14 jun 2024,2,2111
14 jun 2024,1,952
14 jun 2024,17,7
14 jun 2024,20,23
15 jun 2024,17,10
15 jun 2024,6,738
15 jun 2024,4,295
15 jun 2024,3,1291
15 jun 2024,2,1975
15 jun 2024,7,3355
15 jun 2024,1,1126
15 jun 2024,20,28
15 jun 2024,10,2
16 jun 2024,20,28
16 jun 2024,2,800
16 jun 2024,7,1543
16 jun 2024,17,3
16 jun 2024,4,131
16 jun 2024,1,411
16 jun 2024,3,502
16 jun 2024,5,1
16 jun 2024,6,433
16 jun 2024,10,2
17 jun 2024,1,617
17 jun 2024,2,1128
17 jun 2024,20,19
17 jun 2024,17,1
17 jun 2024,3,883
17 jun 2024,4,200
17 jun 2024,10,1
17 jun 2024,7,2024
17 jun 2024,6,569
18 jun 2024,6,618
18 jun 2024,7,2556
18 jun 2024,20,20
18 jun 2024,3,1098
18 jun 2024,2,1475
18 jun 2024,1,697
18 jun 2024,4,265
18 jun 2024,17,6
19 jun 2024,6,674
19 jun 2024,4,301
19 jun 2024,2,1568
19 jun 2024,17,15
19 jun 2024,10,1
19 jun 2024,20,22
19 jun 2024,1,681
19 jun 2024,7,2955
19 jun 2024,3,1283
20 jun 2024,20,23
20 jun 2024,4,277
20 jun 2024,7,3237
20 jun 2024,1,825
20 jun 2024,17,6
20 jun 2024,3,1195
20 jun 2024,2,1769
20 jun 2024,6,600
21 jun 2024,17,8
21 jun 2024,4,328
21 jun 2024,6,640
21 jun 2024,2,2081
21 jun 2024,3,1485
21 jun 2024,1,965
21 jun 2024,7,3421
21 jun 2024,20,17
22 jun 2024,1,856
22 jun 2024,4,254
22 jun 2024,3,1184
22 jun 2024,20,28
22 jun 2024,7,3024
22 jun 2024,2,1640
22 jun 2024,17,3
22 jun 2024,6,679
23 jun 2024,7,1105
23 jun 2024,20,21
23 jun 2024,3,400
23 jun 2024,5,2
23 jun 2024,2,722
23 jun 2024,17,9
23 jun 2024,4,97
23 jun 2024,1,462
23 jun 2024,6,311
24 jun 2024,2,1895
24 jun 2024,4,271
24 jun 2024,17,13
24 jun 2024,20,24
24 jun 2024,6,622
24 jun 2024,7,3213
24 jun 2024,3,970
24 jun 2024,1,941
25 jun 2024,7,3483
25 jun 2024,2,2204
25 jun 2024,6,694
25 jun 2024,17,7
25 jun 2024,20,21
25 jun 2024,3,1221
25 jun 2024,1,1101
25 jun 2024,4,336
26 jun 2024,4,294
26 jun 2024,17,8
26 jun 2024,1,854
26 jun 2024,7,3165
26 jun 2024,6,646
26 jun 2024,20,29
26 jun 2024,3,1174
26 jun 2024,2,1786
27 jun 2024,1,872
27 jun 2024,3,1261
27 jun 2024,20,21
27 jun 2024,17,6
27 jun 2024,6,609
27 jun 2024,7,3258
27 jun 2024,10,1
27 jun 2024,2,1770
27 jun 2024,4,280
28 jun 2024,20,28
28 jun 2024,17,9
28 jun 2024,3,1980
28 jun 2024,7,5269
28 jun 2024,1,1553
28 jun 2024,10,2
28 jun 2024,6,901
28 jun 2024,2,2865
28 jun 2024,4,422
28 jun 2024,5,1
29 jun 2024,20,23
29 jun 2024,3,1452
29 jun 2024,17,11
29 jun 2024,1,1639
29 jun 2024,7,4789
29 jun 2024,2,2969
29 jun 2024,6,912
29 jun 2024,4,344
29 jun 2024,5,1
30 jun 2024,17,5
30 jun 2024,6,368
30 jun 2024,2,1151
30 jun 2024,5,2
30 jun 2024,20,21
30 jun 2024,1,662
30 jun 2024,3,396
30 jun 2024,7,1742
30 jun 2024,4,141
1 jul 2024,3,1112
1 jul 2024,20,15
1 jul 2024,6,633
1 jul 2024,7,2994
1 jul 2024,4,279
1 jul 2024,2,1784
1 jul 2024,1,833
1 jul 2024,10,2
1 jul 2024,17,4
2 jul 2024,1,1337
2 jul 2024,4,377
2 jul 2024,3,1650
2 jul 2024,6,879
2 jul 2024,7,4285
2 jul 2024,20,39
2 jul 2024,2,2634
2 jul 2024,17,13
2 jul 2024,10,4
3 jul 2024,17,15
3 jul 2024,7,6558
3 jul 2024,20,51
3 jul 2024,2,4475
3 jul 2024,10,1
3 jul 2024,6,1097
3 jul 2024,1,2247
3 jul 2024,3,2031
3 jul 2024,5,2
3 jul 2024,4,554
4 jul 2024,6,850
4 jul 2024,7,3992
4 jul 2024,5,1
4 jul 2024,20,27
4 jul 2024,3,1283
4 jul 2024,17,6
4 jul 2024,10,1
4 jul 2024,4,321
4 jul 2024,1,1186
4 jul 2024,2,2471
5 jul 2024,1,1096
5 jul 2024,4,361
5 jul 2024,7,3822
5 jul 2024,2,2317
5 jul 2024,3,1338
5 jul 2024,6,837
5 jul 2024,10,1
5 jul 2024,5,1
5 jul 2024,17,8
5 jul 2024,20,20
6 jul 2024,3,1172
6 jul 2024,1,822
6 jul 2024,4,253
6 jul 2024,17,4
6 jul 2024,2,1924
6 jul 2024,5,1
6 jul 2024,20,21
6 jul 2024,6,742
6 jul 2024,7,3139
7 jul 2024,6,399
7 jul 2024,20,9
7 jul 2024,3,519
7 jul 2024,4,165
7 jul 2024,10,1
7 jul 2024,17,8
7 jul 2024,1,547
7 jul 2024,2,1078
7 jul 2024,7,1438
8 jul 2024,20,22
8 jul 2024,3,1072
8 jul 2024,4,259
8 jul 2024,17,7
8 jul 2024,2,1722
8 jul 2024,1,810
8 jul 2024,7,2864
8 jul 2024,6,665
8 jul 2024,5,1
9 jul 2024,7,3888
9 jul 2024,1,1110
9 jul 2024,20,32
9 jul 2024,2,2761
9 jul 2024,6,828
9 jul 2024,4,364
9 jul 2024,17,8
9 jul 2024,5,1
9 jul 2024,3,1151
10 jul 2024,20,18
10 jul 2024,10,1
10 jul 2024,17,6
10 jul 2024,4,334
10 jul 2024,3,1284
10 jul 2024,6,866
10 jul 2024,1,1011
10 jul 2024,7,3792
10 jul 2024,2,2179
11 jul 2024,7,4624
11 jul 2024,5,1
11 jul 2024,4,383
11 jul 2024,6,944
11 jul 2024,1,1267
11 jul 2024,17,9
11 jul 2024,3,1730
11 jul 2024,20,33
11 jul 2024,2,2743
12 jul 2024,20,22
12 jul 2024,2,2724
12 jul 2024,17,9
12 jul 2024,1,1420
12 jul 2024,4,355
12 jul 2024,7,4396
12 jul 2024,10,3
12 jul 2024,6,848
12 jul 2024,3,1458
13 jul 2024,3,1198
13 jul 2024,1,963
13 jul 2024,6,707
13 jul 2024,17,15
13 jul 2024,7,3208
13 jul 2024,4,252
13 jul 2024,2,1964
13 jul 2024,20,29
13 jul 2024,10,2
14 jul 2024,3,376
14 jul 2024,2,969
14 jul 2024,17,2
14 jul 2024,20,9
14 jul 2024,4,92
14 jul 2024,7,1260
14 jul 2024,1,567
14 jul 2024,6,296
15 jul 2024,2,2085
15 jul 2024,4,331
15 jul 2024,3,1263
15 jul 2024,5,1
15 jul 2024,17,9
15 jul 2024,1,1034
15 jul 2024,7,3682
15 jul 2024,20,32
15 jul 2024,6,850
16 jul 2024,17,6
16 jul 2024,7,4808
16 jul 2024,1,1489
16 jul 2024,3,1385
16 jul 2024,4,336
16 jul 2024,2,3013
16 jul 2024,6,908
16 jul 2024,20,34
17 jul 2024,1,1256
17 jul 2024,10,4
17 jul 2024,2,2542
17 jul 2024,6,862
17 jul 2024,7,4274
17 jul 2024,3,1299
17 jul 2024,20,25
17 jul 2024,17,9
17 jul 2024,4,327
18 jul 2024,7,3812
18 jul 2024,2,2319
18 jul 2024,3,1337
18 jul 2024,5,1
18 jul 2024,10,1
18 jul 2024,1,1252
18 jul 2024,6,692
18 jul 2024,20,25
18 jul 2024,4,244
18 jul 2024,17,7
19 jul 2024,20,41
19 jul 2024,4,316
19 jul 2024,3,1538
19 jul 2024,17,9
19 jul 2024,6,849
19 jul 2024,7,4010
19 jul 2024,1,1025
19 jul 2024,2,2284
20 jul 2024,20,37
20 jul 2024,7,4549
20 jul 2024,3,1794
20 jul 2024,2,2841
20 jul 2024,6,901
20 jul 2024,4,467
20 jul 2024,10,2
20 jul 2024,1,1269
20 jul 2024,5,2
20 jul 2024,17,8
21 jul 2024,2,1442
21 jul 2024,7,2115
21 jul 2024,20,29
21 jul 2024,17,9
21 jul 2024,10,3
21 jul 2024,3,672
21 jul 2024,4,185
21 jul 2024,6,525
21 jul 2024,1,715
22 jul 2024,7,2670
22 jul 2024,2,1545
22 jul 2024,17,5
22 jul 2024,3,845
22 jul 2024,20,20
22 jul 2024,10,2
22 jul 2024,1,810
22 jul 2024,4,237
22 jul 2024,6,739
23 jul 2024,7,3083
23 jul 2024,20,24
23 jul 2024,2,1987
23 jul 2024,4,295
23 jul 2024,10,1
23 jul 2024,17,6
23 jul 2024,6,833
23 jul 2024,3,1239
23 jul 2024,1,911
24 jul 2024,1,1330
24 jul 2024,4,295
24 jul 2024,6,763
24 jul 2024,3,1303
24 jul 2024,17,8
24 jul 2024,20,27
24 jul 2024,5,1
24 jul 2024,2,2420
24 jul 2024,7,3936
25 jul 2024,1,1803
25 jul 2024,2,3034
25 jul 2024,17,18
25 jul 2024,7,4493
25 jul 2024,6,799
25 jul 2024,20,40
25 jul 2024,3,1436
25 jul 2024,10,1
25 jul 2024,4,407
26 jul 2024,4,347
26 jul 2024,6,683
26 jul 2024,17,13
26 jul 2024,2,2567
26 jul 2024,7,3968
26 jul 2024,3,1476
26 jul 2024,5,2
26 jul 2024,1,1370
26 jul 2024,20,25
27 jul 2024,2,2118
27 jul 2024,7,3415
27 jul 2024,6,685
27 jul 2024,4,283
27 jul 2024,3,1156
27 jul 2024,20,31
27 jul 2024,1,1079
27 jul 2024,17,4
28 jul 2024,4,99
28 jul 2024,17,12
28 jul 2024,20,15
28 jul 2024,2,1079
28 jul 2024,1,620
28 jul 2024,3,510
28 jul 2024,10,1
28 jul 2024,7,1464
28 jul 2024,5,2
28 jul 2024,6,384
29 jul 2024,4,230
29 jul 2024,1,911
29 jul 2024,5,1
29 jul 2024,10,1
29 jul 2024,3,1119
29 jul 2024,2,1722
29 jul 2024,7,2776
29 jul 2024,6,485
29 jul 2024,20,28
29 jul 2024,17,12
30 jul 2024,6,745
30 jul 2024,7,4227
30 jul 2024,4,389
30 jul 2024,1,1376
30 jul 2024,20,24
30 jul 2024,2,2582
30 jul 2024,17,5
30 jul 2024,3,1393
31 jul 2024,1,1411
31 jul 2024,6,718
31 jul 2024,20,29
31 jul 2024,17,7
31 jul 2024,2,2669
31 jul 2024,3,1418
31 jul 2024,10,1
31 jul 2024,7,3959
31 jul 2024,4,366
1 ago 2024,6,796
1 ago 2024,3,1313
1 ago 2024,4,323
1 ago 2024,1,1320
1 ago 2024,2,2696
1 ago 2024,10,1
1 ago 2024,20,31
1 ago 2024,7,3918
1 ago 2024,17,7
2 ago 2024,20,27
2 ago 2024,10,1
2 ago 2024,2,2890
2 ago 2024,17,7
2 ago 2024,3,1613
2 ago 2024,7,4477
2 ago 2024,4,346
2 ago 2024,6,844
2 ago 2024,1,1464
3 ago 2024,20,21
3 ago 2024,5,1
3 ago 2024,1,1127
3 ago 2024,3,1169
3 ago 2024,7,3569
3 ago 2024,4,300
3 ago 2024,10,1
3 ago 2024,6,804
3 ago 2024,2,2225
3 ago 2024,17,7
4 ago 2024,3,510
4 ago 2024,2,1130
4 ago 2024,6,425
4 ago 2024,4,127
4 ago 2024,10,1
4 ago 2024,5,1
4 ago 2024,20,12
4 ago 2024,7,1702
4 ago 2024,17,3
4 ago 2024,1,661
5 ago 2024,1,923
5 ago 2024,7,2897
5 ago 2024,6,672
5 ago 2024,5,2
5 ago 2024,2,1873
5 ago 2024,20,20
5 ago 2024,4,231
5 ago 2024,3,946
5 ago 2024,17,8
6 ago 2024,2,2694
6 ago 2024,20,27
6 ago 2024,4,318
6 ago 2024,3,1445
6 ago 2024,7,4188
6 ago 2024,6,761
6 ago 2024,17,13
6 ago 2024,10,1
6 ago 2024,1,1326
7 ago 2024,1,1131
7 ago 2024,3,1146
7 ago 2024,17,10
7 ago 2024,7,3606
7 ago 2024,6,632
7 ago 2024,4,318
7 ago 2024,2,2207
7 ago 2024,20,38
8 ago 2024,6,727
8 ago 2024,3,1528
8 ago 2024,4,324
8 ago 2024,2,2379
8 ago 2024,7,3795
8 ago 2024,20,30
8 ago 2024,17,9
8 ago 2024,1,1160
9 ago 2024,2,2871
9 ago 2024,3,1621
9 ago 2024,1,1367
9 ago 2024,20,28
9 ago 2024,6,821
9 ago 2024,10,1
9 ago 2024,17,16
9 ago 2024,4,409
9 ago 2024,7,4634
9 ago 2024,5,2
10 ago 2024,5,2
10 ago 2024,17,6
10 ago 2024,20,23
10 ago 2024,2,2302
10 ago 2024,6,706
10 ago 2024,7,3449
10 ago 2024,10,1
10 ago 2024,1,1091
10 ago 2024,4,251
10 ago 2024,3,1333
11 ago 2024,3,418
11 ago 2024,20,22
11 ago 2024,7,1614
11 ago 2024,1,565
11 ago 2024,17,1
11 ago 2024,4,117
11 ago 2024,2,1054
11 ago 2024,6,402
12 ago 2024,4,296
12 ago 2024,17,4
12 ago 2024,20,29
12 ago 2024,7,3272
12 ago 2024,5,1
12 ago 2024,2,1855
12 ago 2024,3,1247
12 ago 2024,6,648
12 ago 2024,1,987
13 ago 2024,7,4412
13 ago 2024,17,7
13 ago 2024,2,2796
13 ago 2024,6,799
13 ago 2024,3,1652
13 ago 2024,20,42
13 ago 2024,4,418
13 ago 2024,10,1
13 ago 2024,1,1248
13 ago 2024,5,1
14 ago 2024,5,2
14 ago 2024,20,39
14 ago 2024,6,884
14 ago 2024,7,4415
14 ago 2024,17,10
14 ago 2024,1,1515
14 ago 2024,3,1704
14 ago 2024,2,2983
14 ago 2024,4,418
15 ago 2024,1,1766
15 ago 2024,7,5507
15 ago 2024,4,533
15 ago 2024,17,13
15 ago 2024,6,1101
15 ago 2024,3,1892
15 ago 2024,2,3648
15 ago 2024,20,54
16 ago 2024,17,8
16 ago 2024,7,5071
16 ago 2024,2,3248
16 ago 2024,1,1596
16 ago 2024,20,30
16 ago 2024,6,984
16 ago 2024,3,1640
16 ago 2024,5,1
16 ago 2024,4,448
17 ago 2024,17,6
17 ago 2024,2,2672
17 ago 2024,3,1549
17 ago 2024,10,2
17 ago 2024,20,41
17 ago 2024,6,921
17 ago 2024,1,1334
17 ago 2024,7,3955
17 ago 2024,4,365
18 ago 2024,1,866
18 ago 2024,3,565
18 ago 2024,7,1886
18 ago 2024,20,21
18 ago 2024,5,1
18 ago 2024,17,8
18 ago 2024,2,1435
18 ago 2024,4,158
18 ago 2024,6,582
19 ago 2024,4,303
19 ago 2024,20,26
19 ago 2024,10,1
19 ago 2024,7,3564
19 ago 2024,17,14
19 ago 2024,6,791
19 ago 2024,1,1176
19 ago 2024,3,1233
19 ago 2024,2,2230
20 ago 2024,7,4404
20 ago 2024,1,1477
20 ago 2024,20,44
20 ago 2024,2,2891
20 ago 2024,3,1522
20 ago 2024,17,12
20 ago 2024,4,466
20 ago 2024,6,769
21 ago 2024,20,23
21 ago 2024,2,2595
21 ago 2024,4,433
21 ago 2024,1,1279
21 ago 2024,6,793
21 ago 2024,3,1628
21 ago 2024,7,4170
21 ago 2024,17,5
21 ago 2024,5,1
22 ago 2024,4,400
22 ago 2024,2,2509
22 ago 2024,20,39
22 ago 2024,17,13
22 ago 2024,3,1533
22 ago 2024,1,1293
22 ago 2024,7,4183
22 ago 2024,6,775
23 ago 2024,6,816
23 ago 2024,7,4379
23 ago 2024,2,2793
23 ago 2024,20,34
23 ago 2024,4,385
23 ago 2024,1,1361
23 ago 2024,3,1740
23 ago 2024,17,11
23 ago 2024,5,2
24 ago 2024,1,1111
24 ago 2024,4,317
24 ago 2024,7,3537
24 ago 2024,2,2256
24 ago 2024,3,1236
24 ago 2024,17,5
24 ago 2024,20,29
24 ago 2024,6,815
25 ago 2024,7,1493
25 ago 2024,6,291
25 ago 2024,17,6
25 ago 2024,1,572
25 ago 2024,20,12
25 ago 2024,2,1087
25 ago 2024,3,394
25 ago 2024,4,100
26 ago 2024,2,2621
26 ago 2024,6,644
26 ago 2024,1,1193
26 ago 2024,4,327
26 ago 2024,20,30
26 ago 2024,7,3562
26 ago 2024,3,1460
26 ago 2024,17,11
26 ago 2024,5,1
27 ago 2024,1,1391
27 ago 2024,20,28
27 ago 2024,7,4142
27 ago 2024,17,12
27 ago 2024,3,1464
27 ago 2024,5,1
27 ago 2024,2,2907
27 ago 2024,4,410
27 ago 2024,6,789
28 ago 2024,7,4350
28 ago 2024,5,1
28 ago 2024,3,1436
28 ago 2024,4,379
28 ago 2024,2,2953
28 ago 2024,17,15
28 ago 2024,6,828
28 ago 2024,10,1
28 ago 2024,1,1355
28 ago 2024,20,26
29 ago 2024,7,5156
29 ago 2024,3,1715
29 ago 2024,2,3624
29 ago 2024,20,36
29 ago 2024,4,523
29 ago 2024,6,952
29 ago 2024,5,2
29 ago 2024,1,1768
29 ago 2024,17,21
30 ago 2024,17,20
30 ago 2024,4,554
30 ago 2024,6,1110
30 ago 2024,7,5759
30 ago 2024,3,1888
30 ago 2024,2,4010
30 ago 2024,1,2013
30 ago 2024,20,46
31 ago 2024,7,4987
31 ago 2024,3,1735
31 ago 2024,6,1119
31 ago 2024,4,405
31 ago 2024,17,17
31 ago 2024,1,2005
31 ago 2024,20,51
31 ago 2024,2,3237
31 ago 2024,5,2
1 sept 2024,20,16
1 sept 2024,5,3
1 sept 2024,6,405
1 sept 2024,10,3
1 sept 2024,3,542
1 sept 2024,2,1052
1 sept 2024,1,615
1 sept 2024,17,7
1 sept 2024,4,130
1 sept 2024,7,1511
2 sept 2024,17,22
2 sept 2024,10,1
2 sept 2024,1,1703
2 sept 2024,3,1466
2 sept 2024,7,4430
2 sept 2024,2,3436
2 sept 2024,20,40
2 sept 2024,4,440
2 sept 2024,6,995
3 sept 2024,4,639
3 sept 2024,17,17
3 sept 2024,1,2159
3 sept 2024,5,2
3 sept 2024,2,4624
3 sept 2024,7,6208
3 sept 2024,20,50
3 sept 2024,6,1134
3 sept 2024,3,1973
4 sept 2024,2,4499
4 sept 2024,10,1
4 sept 2024,4,551
4 sept 2024,17,21
4 sept 2024,6,1067
4 sept 2024,7,5823
4 sept 2024,5,3
4 sept 2024,3,1951
4 sept 2024,20,58
4 sept 2024,1,2142
5 sept 2024,5,2
5 sept 2024,7,5128
5 sept 2024,3,1712
5 sept 2024,6,975
5 sept 2024,17,12
5 sept 2024,4,472
5 sept 2024,1,1836
5 sept 2024,2,3840
5 sept 2024,20,53
6 sept 2024,20,40
6 sept 2024,17,20
6 sept 2024,2,4510
6 sept 2024,10,3
6 sept 2024,7,5750
6 sept 2024,4,553
6 sept 2024,6,1013
6 sept 2024,3,1828
6 sept 2024,1,2119
7 sept 2024,4,370
7 sept 2024,7,4151
7 sept 2024,17,9
7 sept 2024,6,784
7 sept 2024,1,1391
7 sept 2024,20,24
7 sept 2024,3,1533
7 sept 2024,2,2595
8 sept 2024,4,115
8 sept 2024,20,21
8 sept 2024,3,450
8 sept 2024,7,1322
8 sept 2024,1,555
8 sept 2024,2,979
8 sept 2024,6,368
8 sept 2024,17,2
8 sept 2024,5,1
8 sept 2024,10,1
9 sept 2024,6,680
9 sept 2024,2,2643
9 sept 2024,4,357
9 sept 2024,20,31
9 sept 2024,1,1231
9 sept 2024,10,1
9 sept 2024,3,1134
9 sept 2024,5,1
9 sept 2024,17,9
9 sept 2024,7,3539
10 sept 2024,2,3228
10 sept 2024,3,1453
10 sept 2024,20,40
10 sept 2024,4,458
10 sept 2024,5,2
10 sept 2024,6,981
10 sept 2024,17,12
10 sept 2024,7,4358
10 sept 2024,1,1391
11 sept 2024,4,414
11 sept 2024,17,18
11 sept 2024,10,1
11 sept 2024,3,1355
11 sept 2024,2,2965
11 sept 2024,7,4133
11 sept 2024,1,1374
11 sept 2024,6,843
11 sept 2024,20,26
11 sept 2024,5,3
12 sept 2024,6,854
12 sept 2024,3,1500
12 sept 2024,4,431
12 sept 2024,1,1371
12 sept 2024,20,26
12 sept 2024,7,4403
12 sept 2024,17,14
12 sept 2024,5,1
12 sept 2024,2,3301
13 sept 2024,1,1685
13 sept 2024,6,1030
13 sept 2024,2,3521
13 sept 2024,10,2
13 sept 2024,3,1910
13 sept 2024,7,5142
13 sept 2024,17,5
13 sept 2024,20,26
13 sept 2024,4,466
14 sept 2024,3,1284
14 sept 2024,1,1151
14 sept 2024,6,868
14 sept 2024,2,2234
14 sept 2024,4,272
14 sept 2024,17,6
14 sept 2024,5,1
14 sept 2024,20,36
14 sept 2024,7,3602
15 sept 2024,20,12
15 sept 2024,3,285
15 sept 2024,2,855
15 sept 2024,17,5
15 sept 2024,1,562
15 sept 2024,10,1
15 sept 2024,6,274
15 sept 2024,4,100
15 sept 2024,5,2
15 sept 2024,7,980
16 sept 2024,1,445
16 sept 2024,4,91
16 sept 2024,6,176
16 sept 2024,2,631
16 sept 2024,20,18
16 sept 2024,17,2
16 sept 2024,7,859
16 sept 2024,3,222
17 sept 2024,3,1377
17 sept 2024,1,1187
17 sept 2024,7,3752
17 sept 2024,2,2446
17 sept 2024,6,762
17 sept 2024,17,18
17 sept 2024,5,1
17 sept 2024,4,360
17 sept 2024,20,31
18 sept 2024,4,469
18 sept 2024,2,3298
18 sept 2024,17,9
18 sept 2024,3,1582
18 sept 2024,5,1
18 sept 2024,20,30
18 sept 2024,6,936
18 sept 2024,1,1754
18 sept 2024,7,4678
19 sept 2024,20,34
19 sept 2024,1,1370
19 sept 2024,7,4456
19 sept 2024,2,3214
19 sept 2024,5,4
19 sept 2024,6,1047
19 sept 2024,17,21
19 sept 2024,3,1599
19 sept 2024,4,443
20 sept 2024,6,1079
20 sept 2024,7,5180
20 sept 2024,2,3489
20 sept 2024,17,12
20 sept 2024,20,36
20 sept 2024,10,2
20 sept 2024,4,464
20 sept 2024,1,1606
20 sept 2024,5,3
20 sept 2024,3,1761
21 sept 2024,17,3
21 sept 2024,2,1992
21 sept 2024,20,25
21 sept 2024,6,777
21 sept 2024,4,293
21 sept 2024,1,1043
21 sept 2024,3,1263
21 sept 2024,7,3402
22 sept 2024,6,316
22 sept 2024,7,1458
22 sept 2024,4,101
22 sept 2024,20,18
22 sept 2024,2,1042
22 sept 2024,17,4
22 sept 2024,1,667
22 sept 2024,3,389
23 sept 2024,4,343
23 sept 2024,17,14
23 sept 2024,20,30
23 sept 2024,7,3734
23 sept 2024,3,1163
23 sept 2024,10,1
23 sept 2024,1,1095
23 sept 2024,2,2535
23 sept 2024,6,766
24 sept 2024,4,392
24 sept 2024,1,1167
24 sept 2024,2,2797
24 sept 2024,20,23
24 sept 2024,7,4098
24 sept 2024,6,804
24 sept 2024,3,1520
24 sept 2024,17,24
24 sept 2024,10,6
25 sept 2024,7,4329
25 sept 2024,4,435
25 sept 2024,2,2881
25 sept 2024,1,1308
25 sept 2024,17,15
25 sept 2024,20,29
25 sept 2024,3,1439
25 sept 2024,6,872
25 sept 2024,5,3
26 sept 2024,2,2436
26 sept 2024,6,762
26 sept 2024,5,1
26 sept 2024,17,8
26 sept 2024,20,27
26 sept 2024,7,3892
26 sept 2024,3,1232
26 sept 2024,1,1209
26 sept 2024,4,377
27 sept 2024,2,2292
27 sept 2024,1,1135
27 sept 2024,4,395
27 sept 2024,20,30
27 sept 2024,6,880
27 sept 2024,17,12
27 sept 2024,7,4198
27 sept 2024,3,1533
27 sept 2024,5,1
27 sept 2024,10,2
28 sept 2024,1,1365
28 sept 2024,7,4498
28 sept 2024,2,2631
28 sept 2024,6,948
28 sept 2024,17,11
28 sept 2024,3,1559
28 sept 2024,4,349
28 sept 2024,20,36
28 sept 2024,5,1
29 sept 2024,20,17
29 sept 2024,6,392
29 sept 2024,2,1183
29 sept 2024,4,121
29 sept 2024,7,1683
29 sept 2024,17,4
29 sept 2024,1,673
29 sept 2024,3,498
30 sept 2024,1,996
30 sept 2024,3,1103
30 sept 2024,4,286
30 sept 2024,20,24
30 sept 2024,2,2065
30 sept 2024,7,3396
30 sept 2024,17,8
30 sept 2024,6,773
30 sept 2024,10,1
1 oct 2024,1,595
1 oct 2024,7,1624
1 oct 2024,3,478
1 oct 2024,6,357
1 oct 2024,20,2
1 oct 2024,17,3
1 oct 2024,2,1024
1 oct 2024,4,148
2 oct 2024,4,342
2 oct 2024,17,12
2 oct 2024,1,1352
2 oct 2024,20,29
2 oct 2024,3,1277
2 oct 2024,7,3943
2 oct 2024,6,846
2 oct 2024,2,2926
3 oct 2024,1,1539
3 oct 2024,2,3300
3 oct 2024,4,493
3 oct 2024,17,7
3 oct 2024,3,1654
3 oct 2024,7,4852
3 oct 2024,6,900
3 oct 2024,20,44
3 oct 2024,5,2
4 oct 2024,17,22
4 oct 2024,1,1556
4 oct 2024,7,4647
4 oct 2024,20,28
4 oct 2024,4,467
4 oct 2024,6,935
4 oct 2024,2,3230
4 oct 2024,5,3
4 oct 2024,10,2
4 oct 2024,3,1566
5 oct 2024,4,358
5 oct 2024,2,2116
5 oct 2024,3,1443
5 oct 2024,6,775
5 oct 2024,17,7
5 oct 2024,20,23
5 oct 2024,10,2
5 oct 2024,1,1043
5 oct 2024,7,3423
6 oct 2024,1,477
6 oct 2024,17,2
6 oct 2024,10,2
6 oct 2024,6,284
6 oct 2024,4,116
6 oct 2024,20,27
6 oct 2024,3,552
6 oct 2024,2,929
6 oct 2024,7,1226
7 oct 2024,4,290
7 oct 2024,6,731
7 oct 2024,17,9
7 oct 2024,7,3076
7 oct 2024,20,27
7 oct 2024,2,2269
7 oct 2024,3,1110
7 oct 2024,1,1055
8 oct 2024,20,29
8 oct 2024,6,812
8 oct 2024,3,1304
8 oct 2024,1,1157
8 oct 2024,4,335
8 oct 2024,2,2674
8 oct 2024,7,3698
8 oct 2024,17,12
9 oct 2024,3,1382
9 oct 2024,6,842
9 oct 2024,20,26
9 oct 2024,4,427
9 oct 2024,2,3023
9 oct 2024,1,1367
9 oct 2024,5,1
9 oct 2024,7,4132
9 oct 2024,17,7
10 oct 2024,6,789
10 oct 2024,7,3770
10 oct 2024,1,1096
10 oct 2024,3,1494
10 oct 2024,20,39
10 oct 2024,5,1
10 oct 2024,4,390
10 oct 2024,10,1
10 oct 2024,17,17
10 oct 2024,2,2682
11 oct 2024,20,33
11 oct 2024,5,1
11 oct 2024,1,1377
11 oct 2024,17,12
11 oct 2024,7,4394
11 oct 2024,6,920
11 oct 2024,2,3043
11 oct 2024,3,1531
11 oct 2024,4,427
12 oct 2024,1,1068
12 oct 2024,4,286
12 oct 2024,3,1360
12 oct 2024,7,3653
12 oct 2024,20,32
12 oct 2024,2,2011
12 oct 2024,5,1
12 oct 2024,17,9
12 oct 2024,6,770
13 oct 2024,4,101
13 oct 2024,17,4
13 oct 2024,1,493
13 oct 2024,3,428
13 oct 2024,6,391
13 oct 2024,2,950
13 oct 2024,7,1064
13 oct 2024,20,17
14 oct 2024,1,1028
14 oct 2024,7,3354
14 oct 2024,6,782
14 oct 2024,20,25
14 oct 2024,17,8
14 oct 2024,5,1
14 oct 2024,2,2280
14 oct 2024,10,1
14 oct 2024,4,323
14 oct 2024,3,1255
15 oct 2024,3,1461
15 oct 2024,20,21
15 oct 2024,17,13
15 oct 2024,1,1169
15 oct 2024,2,2650
15 oct 2024,4,430
15 oct 2024,6,904
15 oct 2024,10,1
15 oct 2024,7,4294
16 oct 2024,6,870
16 oct 2024,3,1562
16 oct 2024,1,1272
16 oct 2024,17,7
16 oct 2024,2,2816
16 oct 2024,7,4211
16 oct 2024,4,447
16 oct 2024,20,42
17 oct 2024,20,37
17 oct 2024,5,2
17 oct 2024,2,2576
17 oct 2024,6,882
17 oct 2024,4,384
17 oct 2024,3,1429
17 oct 2024,17,7
17 oct 2024,7,3838
17 oct 2024,1,1172
18 oct 2024,6,930
18 oct 2024,4,388
18 oct 2024,3,1693
18 oct 2024,1,1345
18 oct 2024,17,9
18 oct 2024,7,4493
18 oct 2024,2,2843
18 oct 2024,20,26
19 oct 2024,17,7
19 oct 2024,7,3136
19 oct 2024,1,922
19 oct 2024,6,867
19 oct 2024,3,1423
19 oct 2024,20,28
19 oct 2024,4,313
19 oct 2024,10,1
19 oct 2024,2,2048
20 oct 2024,3,545
20 oct 2024,20,11
20 oct 2024,17,4
20 oct 2024,4,103
20 oct 2024,2,878
20 oct 2024,6,336
20 oct 2024,1,595
20 oct 2024,7,1309
20 oct 2024,10,2
21 oct 2024,5,1
21 oct 2024,6,574
21 oct 2024,1,816
21 oct 2024,17,7
21 oct 2024,7,2723
21 oct 2024,20,35
21 oct 2024,2,1902
21 oct 2024,3,1167
21 oct 2024,4,284
22 oct 2024,4,345
22 oct 2024,7,3438
22 oct 2024,2,2316
22 oct 2024,17,15
22 oct 2024,1,1009
22 oct 2024,20,31
22 oct 2024,6,789
22 oct 2024,3,1189
22 oct 2024,5,2
23 oct 2024,20,29
23 oct 2024,2,2384
23 oct 2024,1,1124
23 oct 2024,17,18
23 oct 2024,3,1395
23 oct 2024,7,3764
23 oct 2024,4,366
23 oct 2024,5,3
23 oct 2024,6,732
24 oct 2024,3,1341
24 oct 2024,6,754
24 oct 2024,17,12
24 oct 2024,2,2378
24 oct 2024,1,1089
24 oct 2024,20,28
24 oct 2024,7,3832
24 oct 2024,4,378
25 oct 2024,10,2
25 oct 2024,17,10
25 oct 2024,4,339
25 oct 2024,3,1579
25 oct 2024,20,33
25 oct 2024,7,3882
25 oct 2024,2,2252
25 oct 2024,1,1019
25 oct 2024,5,1
25 oct 2024,6,798
26 oct 2024,1,901
26 oct 2024,17,20
26 oct 2024,3,1205
26 oct 2024,7,3150
26 oct 2024,10,2
26 oct 2024,4,246
26 oct 2024,6,783
26 oct 2024,20,19
26 oct 2024,2,1922
27 oct 2024,1,504
27 oct 2024,20,14
27 oct 2024,17,5
27 oct 2024,2,854
27 oct 2024,3,507
27 oct 2024,7,1196
27 oct 2024,4,107
27 oct 2024,6,365
28 oct 2024,5,1
28 oct 2024,20,22
28 oct 2024,17,10
28 oct 2024,3,1240
28 oct 2024,2,1819
28 oct 2024,6,622
28 oct 2024,7,3004
28 oct 2024,1,954
28 oct 2024,4,272
29 oct 2024,17,11
29 oct 2024,6,732
29 oct 2024,3,1240
29 oct 2024,4,372
29 oct 2024,7,3604
29 oct 2024,20,27
29 oct 2024,10,2
29 oct 2024,1,1115
29 oct 2024,2,2274
30 oct 2024,1,1048
30 oct 2024,2,2479
30 oct 2024,7,3767
30 oct 2024,6,815
30 oct 2024,3,1310
30 oct 2024,20,35
30 oct 2024,17,16
30 oct 2024,4,363
31 oct 2024,7,4205
31 oct 2024,10,1
31 oct 2024,1,1240
31 oct 2024,6,780
31 oct 2024,4,436
31 oct 2024,2,2938
31 oct 2024,3,1647
31 oct 2024,17,13
31 oct 2024,20,26
1 nov 2024,2,2660
1 nov 2024,6,823
1 nov 2024,1,1413
1 nov 2024,7,4237
1 nov 2024,20,18
1 nov 2024,10,1
1 nov 2024,3,1490
1 nov 2024,17,17
1 nov 2024,4,380
2 nov 2024,3,1217
2 nov 2024,17,5
2 nov 2024,7,2801
2 nov 2024,1,984
2 nov 2024,2,1941
2 nov 2024,6,748
2 nov 2024,4,242
2 nov 2024,10,1
2 nov 2024,20,22
3 nov 2024,4,117
3 nov 2024,17,5
3 nov 2024,6,341
3 nov 2024,10,2
3 nov 2024,7,1287
3 nov 2024,2,963
3 nov 2024,5,2
3 nov 2024,3,409
3 nov 2024,20,31
3 nov 2024,1,729
4 nov 2024,1,966
4 nov 2024,4,285
4 nov 2024,3,1125
4 nov 2024,17,6
4 nov 2024,2,1786
4 nov 2024,20,36
4 nov 2024,6,703
4 nov 2024,7,2906
5 nov 2024,1,1097
5 nov 2024,4,373
5 nov 2024,3,1328
5 nov 2024,5,3
5 nov 2024,20,20
5 nov 2024,7,3541
5 nov 2024,2,2386
5 nov 2024,17,9
5 nov 2024,6,774
6 nov 2024,1,978
6 nov 2024,17,10
6 nov 2024,2,2100
6 nov 2024,4,366
6 nov 2024,5,1
6 nov 2024,10,1
6 nov 2024,7,3344
6 nov 2024,20,32
6 nov 2024,3,1398
6 nov 2024,6,745
7 nov 2024,3,1437
7 nov 2024,10,1
7 nov 2024,2,2157
7 nov 2024,17,6
7 nov 2024,7,3270
7 nov 2024,4,331
7 nov 2024,1,1024
7 nov 2024,6,774
7 nov 2024,20,32
8 nov 2024,6,682
8 nov 2024,1,823
8 nov 2024,7,3177
8 nov 2024,20,19
8 nov 2024,4,400
8 nov 2024,17,4
8 nov 2024,5,2
8 nov 2024,3,1419
8 nov 2024,2,1977
9 nov 2024,7,3683
9 nov 2024,4,389
9 nov 2024,6,936
9 nov 2024,3,1664
9 nov 2024,20,27
9 nov 2024,2,2130
9 nov 2024,1,983
9 nov 2024,17,12
10 nov 2024,3,593
10 nov 2024,20,18
10 nov 2024,5,1
10 nov 2024,2,722
10 nov 2024,7,1238
10 nov 2024,17,8
10 nov 2024,1,351
10 nov 2024,6,321
10 nov 2024,4,88
11 nov 2024,1,754
11 nov 2024,2,1719
11 nov 2024,3,1080
11 nov 2024,6,609
11 nov 2024,4,289
11 nov 2024,7,2741
11 nov 2024,17,6
11 nov 2024,20,25
12 nov 2024,17,8
12 nov 2024,4,400
12 nov 2024,6,744
12 nov 2024,7,3547
12 nov 2024,20,36
12 nov 2024,1,879
12 nov 2024,2,2261
12 nov 2024,3,1480
13 nov 2024,6,838
13 nov 2024,2,2315
13 nov 2024,17,8
13 nov 2024,3,1364
13 nov 2024,1,911
13 nov 2024,7,3674
13 nov 2024,4,389
13 nov 2024,5,4
13 nov 2024,20,22
14 nov 2024,17,6
14 nov 2024,3,1510
14 nov 2024,4,419
14 nov 2024,5,1
14 nov 2024,1,1129
14 nov 2024,7,4088
14 nov 2024,20,35
14 nov 2024,10,1
14 nov 2024,6,903
14 nov 2024,2,2641
15 nov 2024,17,8
15 nov 2024,4,489
15 nov 2024,2,3111
15 nov 2024,1,1422
15 nov 2024,3,1911
15 nov 2024,6,944
15 nov 2024,7,5243
15 nov 2024,20,43
16 nov 2024,4,332
16 nov 2024,17,4
16 nov 2024,3,1758
16 nov 2024,10,1
16 nov 2024,7,3896
16 nov 2024,20,34
16 nov 2024,2,2286
16 nov 2024,1,1125
16 nov 2024,6,829
17 nov 2024,3,432
17 nov 2024,7,1199
17 nov 2024,10,1
17 nov 2024,6,377
17 nov 2024,17,4
17 nov 2024,4,117
17 nov 2024,1,353
17 nov 2024,2,766
17 nov 2024,20,22
18 nov 2024,4,87
18 nov 2024,6,229
18 nov 2024,2,809
18 nov 2024,1,469
18 nov 2024,3,343
18 nov 2024,20,15
18 nov 2024,17,9
18 nov 2024,7,1480
19 nov 2024,10,2
19 nov 2024,7,3218
19 nov 2024,6,704
19 nov 2024,4,322
19 nov 2024,1,812
19 nov 2024,17,9
19 nov 2024,3,1181
19 nov 2024,5,1
19 nov 2024,20,30
19 nov 2024,2,2060
20 nov 2024,3,1302
20 nov 2024,20,32
20 nov 2024,1,1077
20 nov 2024,4,364
20 nov 2024,7,3589
20 nov 2024,17,6
20 nov 2024,6,790
20 nov 2024,2,2495
21 nov 2024,7,3674
21 nov 2024,6,833
21 nov 2024,17,7
21 nov 2024,1,1104
21 nov 2024,4,356
21 nov 2024,2,2178
21 nov 2024,5,1
21 nov 2024,20,30
21 nov 2024,3,1434
22 nov 2024,17,9
22 nov 2024,20,27
22 nov 2024,7,3926
22 nov 2024,4,440
22 nov 2024,2,2357
22 nov 2024,1,1069
22 nov 2024,6,819
22 nov 2024,5,1
22 nov 2024,3,1624
23 nov 2024,7,3063
23 nov 2024,6,730
23 nov 2024,3,1163
23 nov 2024,20,21
23 nov 2024,5,1
23 nov 2024,10,1
23 nov 2024,17,11
23 nov 2024,4,280
23 nov 2024,1,812
23 nov 2024,2,1863
24 nov 2024,7,1662
24 nov 2024,4,111
24 nov 2024,20,45
24 nov 2024,2,1017
24 nov 2024,10,2
24 nov 2024,3,539
24 nov 2024,17,9
24 nov 2024,6,401
24 nov 2024,1,764
25 nov 2024,2,1516
25 nov 2024,20,23
25 nov 2024,7,2573
25 nov 2024,3,1083
25 nov 2024,10,1
25 nov 2024,17,10
25 nov 2024,1,754
25 nov 2024,4,244
25 nov 2024,6,555
26 nov 2024,17,18
26 nov 2024,6,704
26 nov 2024,20,32
26 nov 2024,1,843
26 nov 2024,7,3401
26 nov 2024,3,1263
26 nov 2024,2,2045
26 nov 2024,5,1
26 nov 2024,4,339
27 nov 2024,2,2306
27 nov 2024,17,13
27 nov 2024,20,17
27 nov 2024,1,1070
27 nov 2024,3,1464
27 nov 2024,7,3737
27 nov 2024,4,382
27 nov 2024,6,739
27 nov 2024,10,1
28 nov 2024,20,14
28 nov 2024,17,3
28 nov 2024,7,3705
28 nov 2024,4,412
28 nov 2024,6,855
28 nov 2024,2,2255
28 nov 2024,3,1378
28 nov 2024,1,1046
29 nov 2024,17,9
29 nov 2024,5,1
29 nov 2024,1,1090
29 nov 2024,3,1792
29 nov 2024,20,33
29 nov 2024,2,2442
29 nov 2024,4,406
29 nov 2024,7,4496
29 nov 2024,6,805
30 nov 2024,7,4013
30 nov 2024,10,1
30 nov 2024,4,345
30 nov 2024,6,865
30 nov 2024,20,30
30 nov 2024,17,18
30 nov 2024,2,2231
30 nov 2024,3,1477
30 nov 2024,1,1042
1 dic 2024,3,624
1 dic 2024,6,477
1 dic 2024,17,13
1 dic 2024,2,988
1 dic 2024,1,497
1 dic 2024,10,1
1 dic 2024,20,19
1 dic 2024,7,1730
1 dic 2024,4,121
2 dic 2024,17,8
2 dic 2024,7,3364
2 dic 2024,5,3
2 dic 2024,2,1823
2 dic 2024,4,274
2 dic 2024,3,1134
2 dic 2024,10,1
2 dic 2024,6,717
2 dic 2024,20,22
2 dic 2024,1,862
3 dic 2024,17,10
3 dic 2024,2,2356
3 dic 2024,1,1063
3 dic 2024,4,348
3 dic 2024,3,1404
3 dic 2024,7,3985
3 dic 2024,6,728
3 dic 2024,20,27
4 dic 2024,3,1291
4 dic 2024,17,10
4 dic 2024,1,1069
4 dic 2024,4,327
4 dic 2024,20,21
4 dic 2024,10,1
4 dic 2024,2,2216
4 dic 2024,5,1
4 dic 2024,6,732
4 dic 2024,7,3933
5 dic 2024,7,4498
5 dic 2024,2,2451
5 dic 2024,6,790
5 dic 2024,5,1
5 dic 2024,20,34
5 dic 2024,10,2
5 dic 2024,17,11
5 dic 2024,1,1180
5 dic 2024,3,1574
5 dic 2024,4,383
6 dic 2024,3,1835
6 dic 2024,17,10
6 dic 2024,7,5265
6 dic 2024,4,429
6 dic 2024,1,1626
6 dic 2024,20,31
6 dic 2024,5,1
6 dic 2024,6,988
6 dic 2024,2,3268
7 dic 2024,1,1105
7 dic 2024,4,332
7 dic 2024,17,13
7 dic 2024,20,28
7 dic 2024,10,1
7 dic 2024,2,2278
7 dic 2024,7,3864
7 dic 2024,3,1561
7 dic 2024,6,927
8 dic 2024,2,995
8 dic 2024,10,2
8 dic 2024,3,571
8 dic 2024,5,1
8 dic 2024,17,7
8 dic 2024,6,462
8 dic 2024,1,514
8 dic 2024,7,1681
8 dic 2024,4,128
8 dic 2024,20,19
9 dic 2024,6,630
9 dic 2024,20,29
9 dic 2024,17,7
9 dic 2024,1,768
9 dic 2024,7,2697
9 dic 2024,2,1564
9 dic 2024,10,1
9 dic 2024,5,1
9 dic 2024,3,1034
9 dic 2024,4,241
10 dic 2024,17,7
10 dic 2024,7,3872
10 dic 2024,6,863
10 dic 2024,2,2269
10 dic 2024,20,39
10 dic 2024,4,393
10 dic 2024,1,1014
10 dic 2024,3,1397
11 dic 2024,1,1188
11 dic 2024,2,2367
11 dic 2024,7,3912
11 dic 2024,17,10
11 dic 2024,6,857
11 dic 2024,20,24
11 dic 2024,4,354
11 dic 2024,3,1408
12 dic 2024,4,293
12 dic 2024,20,24
12 dic 2024,2,2155
12 dic 2024,6,855
12 dic 2024,10,2
12 dic 2024,3,1157
12 dic 2024,1,1170
12 dic 2024,5,1
12 dic 2024,17,8
12 dic 2024,7,3404
13 dic 2024,7,4256
13 dic 2024,4,362
13 dic 2024,5,1
13 dic 2024,3,1586
13 dic 2024,17,4
13 dic 2024,2,2578
13 dic 2024,1,1263
13 dic 2024,20,35
13 dic 2024,6,924
14 dic 2024,7,3980
14 dic 2024,20,34
14 dic 2024,4,342
14 dic 2024,2,2205
14 dic 2024,3,1580
14 dic 2024,17,16
14 dic 2024,1,1125
14 dic 2024,6,1007
14 dic 2024,10,1
15 dic 2024,6,612
15 dic 2024,1,617
15 dic 2024,20,26
15 dic 2024,7,1818
15 dic 2024,4,115
15 dic 2024,17,8
15 dic 2024,3,537
15 dic 2024,2,1117
16 dic 2024,3,1039
16 dic 2024,7,3231
16 dic 2024,2,1865
16 dic 2024,20,19
16 dic 2024,6,690
16 dic 2024,17,9
16 dic 2024,4,222
16 dic 2024,5,3
16 dic 2024,1,917
17 dic 2024,1,1061
17 dic 2024,7,3387
17 dic 2024,20,23
17 dic 2024,3,1356
17 dic 2024,2,2112
17 dic 2024,5,1
17 dic 2024,6,802
17 dic 2024,17,4
17 dic 2024,10,1
17 dic 2024,4,278
18 dic 2024,6,796
18 dic 2024,4,319
18 dic 2024,2,2111
18 dic 2024,3,1564
18 dic 2024,5,1
18 dic 2024,7,4045
18 dic 2024,17,10
18 dic 2024,1,1008
18 dic 2024,20,41
19 dic 2024,7,3710
19 dic 2024,20,29
19 dic 2024,6,792
19 dic 2024,10,1
19 dic 2024,3,1519
19 dic 2024,4,309
19 dic 2024,1,1023
19 dic 2024,17,6
19 dic 2024,2,1949
20 dic 2024,3,1681
20 dic 2024,17,11
20 dic 2024,7,4211
20 dic 2024,2,2397
20 dic 2024,1,1185
20 dic 2024,20,32
20 dic 2024,10,3
20 dic 2024,4,369
20 dic 2024,6,816
21 dic 2024,4,290
21 dic 2024,2,1989
21 dic 2024,17,4
21 dic 2024,1,984
21 dic 2024,5,1
21 dic 2024,6,812
21 dic 2024,3,1462
21 dic 2024,20,26
21 dic 2024,7,3173
22 dic 2024,2,1064
22 dic 2024,10,3
22 dic 2024,1,660
22 dic 2024,3,543
22 dic 2024,20,30
22 dic 2024,7,1489
22 dic 2024,6,446
22 dic 2024,4,97
22 dic 2024,17,9
23 dic 2024,1,763
23 dic 2024,4,217
23 dic 2024,20,21
23 dic 2024,3,961
23 dic 2024,17,3
23 dic 2024,7,2546
23 dic 2024,6,730
23 dic 2024,2,1561
24 dic 2024,2,1416
24 dic 2024,20,26
24 dic 2024,7,2056
24 dic 2024,1,803
24 dic 2024,3,635
24 dic 2024,5,1
24 dic 2024,6,537
24 dic 2024,4,139
24 dic 2024,17,6
25 dic 2024,3,271
25 dic 2024,20,2
25 dic 2024,4,50
25 dic 2024,17,15
25 dic 2024,6,247
25 dic 2024,2,574
25 dic 2024,7,690
25 dic 2024,1,288
26 dic 2024,4,78
26 dic 2024,1,291
26 dic 2024,20,3
26 dic 2024,3,442
26 dic 2024,6,312
26 dic 2024,7,1121
26 dic 2024,2,591
26 dic 2024,17,9
27 dic 2024,2,782
27 dic 2024,7,1434
27 dic 2024,20,18
27 dic 2024,4,115
27 dic 2024,6,400
27 dic 2024,17,1
27 dic 2024,1,380
27 dic 2024,3,664
28 dic 2024,4,128
28 dic 2024,10,2
28 dic 2024,3,619
28 dic 2024,6,403
28 dic 2024,7,1319
28 dic 2024,17,2
28 dic 2024,2,718
28 dic 2024,20,18
28 dic 2024,1,369
29 dic 2024,1,261
29 dic 2024,17,4
29 dic 2024,6,156
29 dic 2024,2,467
29 dic 2024,20,15
29 dic 2024,7,712
29 dic 2024,4,65
29 dic 2024,3,197
30 dic 2024,20,17
30 dic 2024,17,8
30 dic 2024,2,699
30 dic 2024,4,83
30 dic 2024,7,1120
30 dic 2024,6,318
30 dic 2024,1,377
30 dic 2024,3,473
31 dic 2024,1,367
31 dic 2024,17,3
31 dic 2024,3,413
31 dic 2024,20,17
31 dic 2024,7,1002
31 dic 2024,4,107
31 dic 2024,6,363
31 dic 2024,2,753