Day,Cause,id
1 ene 2024,HAZARD,1
3 ene 2024,HAZARD,2
4 ene 2024,HAZARD,4
4 ene 2024,ACCIDENT,5
5 ene 2024,HAZARD,4
6 ene 2024,HAZARD,6
6 ene 2024,ACCIDENT,1
7 ene 2024,HAZARD,1
8 ene 2024,HAZARD,3
8 ene 2024,ACCIDENT,2
9 ene 2024,HAZARD,1
10 ene 2024,ACCIDENT,1
11 ene 2024,ACCIDENT,3
11 ene 2024,HAZARD,3
12 ene 2024,ACCIDENT,2
12 ene 2024,HAZARD,1
13 ene 2024,HAZARD,1
13 ene 2024,ACCIDENT,1
15 ene 2024,ACCIDENT,3
17 ene 2024,ACCIDENT,1
19 ene 2024,HAZARD,6
20 ene 2024,HAZARD,3
24 ene 2024,HAZARD,3
25 ene 2024,HAZARD,2
26 ene 2024,ACCIDENT,1
27 ene 2024,ACCIDENT,2
29 ene 2024,HAZARD,1
30 ene 2024,HAZARD,2
30 ene 2024,ACCIDENT,2
31 ene 2024,ACCIDENT,4
2 feb 2024,ACCIDENT,1
2 feb 2024,HAZARD,1
4 feb 2024,ACCIDENT,1
6 feb 2024,HAZARD,1
7 feb 2024,HAZARD,2
8 feb 2024,HAZARD,6
8 feb 2024,ACCIDENT,1
9 feb 2024,ACCIDENT,3
9 feb 2024,HAZARD,8
12 feb 2024,HAZARD,1
13 feb 2024,HAZARD,1
14 feb 2024,HAZARD,5
15 feb 2024,ACCIDENT,1
15 feb 2024,HAZARD,1
16 feb 2024,HAZARD,5
17 feb 2024,ACCIDENT,1
17 feb 2024,HAZARD,2
19 feb 2024,HAZARD,5
20 feb 2024,ACCIDENT,1
20 feb 2024,HAZARD,2
21 feb 2024,HAZARD,1
22 feb 2024,ACCIDENT,1
22 feb 2024,HAZARD,2
23 feb 2024,HAZARD,1
24 feb 2024,ACCIDENT,2
24 feb 2024,HAZARD,1
29 feb 2024,ACCIDENT,1
1 mar 2024,ACCIDENT,2
1 mar 2024,HAZARD,2
2 mar 2024,ACCIDENT,1
4 mar 2024,ACCIDENT,2
6 mar 2024,HAZARD,4
7 mar 2024,HAZARD,2
7 mar 2024,ACCIDENT,1
9 mar 2024,HAZARD,1
10 mar 2024,ACCIDENT,1
13 mar 2024,HAZARD,1
14 mar 2024,ACCIDENT,2
14 mar 2024,HAZARD,2
15 mar 2024,HAZARD,3
16 mar 2024,HAZARD,1
19 mar 2024,HAZARD,1
19 mar 2024,ACCIDENT,3
21 mar 2024,HAZARD,2
21 mar 2024,ACCIDENT,2
22 mar 2024,ACCIDENT,2
22 mar 2024,HAZARD,8
23 mar 2024,ACCIDENT,1
25 mar 2024,ACCIDENT,5
28 mar 2024,HAZARD,2
29 mar 2024,HAZARD,3
2 abr 2024,HAZARD,2
3 abr 2024,ACCIDENT,1
4 abr 2024,HAZARD,1
4 abr 2024,ACCIDENT,1
5 abr 2024,HAZARD,11
5 abr 2024,ACCIDENT,1
6 abr 2024,HAZARD,4
6 abr 2024,ACCIDENT,2
9 abr 2024,HAZARD,1
9 abr 2024,ACCIDENT,6
12 abr 2024,HAZARD,2
12 abr 2024,ACCIDENT,2
14 abr 2024,HAZARD,1
15 abr 2024,ACCIDENT,1
17 abr 2024,ACCIDENT,4
18 abr 2024,ACCIDENT,4
19 abr 2024,ACCIDENT,1
20 abr 2024,ACCIDENT,1
22 abr 2024,ACCIDENT,2
23 abr 2024,ACCIDENT,1
24 abr 2024,HAZARD,1
29 abr 2024,HAZARD,3
29 abr 2024,ACCIDENT,1
30 abr 2024,ACCIDENT,1
2 may 2024,ACCIDENT,6
3 may 2024,ACCIDENT,1
6 may 2024,HAZARD,1
7 may 2024,ACCIDENT,2
7 may 2024,HAZARD,1
8 may 2024,HAZARD,1
8 may 2024,ACCIDENT,1
9 may 2024,ACCIDENT,2
10 may 2024,HAZARD,1
10 may 2024,ACCIDENT,1
11 may 2024,ACCIDENT,2
11 may 2024,HAZARD,1
12 may 2024,ACCIDENT,2
13 may 2024,ACCIDENT,5
14 may 2024,ACCIDENT,1
15 may 2024,HAZARD,2
16 may 2024,HAZARD,1
16 may 2024,ACCIDENT,2
17 may 2024,ACCIDENT,3
17 may 2024,HAZARD,2
18 may 2024,ACCIDENT,2
20 may 2024,ACCIDENT,1
21 may 2024,ACCIDENT,1
22 may 2024,HAZARD,6
25 may 2024,HAZARD,1
26 may 2024,ACCIDENT,2
27 may 2024,HAZARD,2
30 may 2024,HAZARD,2
31 may 2024,HAZARD,2
1 jun 2024,HAZARD,1
1 jun 2024,ACCIDENT,1
5 jun 2024,ACCIDENT,1
5 jun 2024,HAZARD,4
7 jun 2024,HAZARD,1
7 jun 2024,ACCIDENT,2
8 jun 2024,HAZARD,2
8 jun 2024,ACCIDENT,2
10 jun 2024,HAZARD,1
10 jun 2024,ACCIDENT,2
11 jun 2024,ACCIDENT,7
11 jun 2024,HAZARD,3
12 jun 2024,ACCIDENT,1
12 jun 2024,HAZARD,2
14 jun 2024,ACCIDENT,2
15 jun 2024,ACCIDENT,5
15 jun 2024,HAZARD,3
16 jun 2024,ACCIDENT,2
17 jun 2024,HAZARD,2
17 jun 2024,ACCIDENT,2
18 jun 2024,HAZARD,1
19 jun 2024,HAZARD,1
19 jun 2024,ACCIDENT,1
20 jun 2024,HAZARD,5
21 jun 2024,HAZARD,1
22 jun 2024,HAZARD,1
24 jun 2024,HAZARD,2
25 jun 2024,HAZARD,4
26 jun 2024,HAZARD,1
27 jun 2024,HAZARD,1
28 jun 2024,HAZARD,1
29 jun 2024,HAZARD,3
1 jul 2024,ACCIDENT,5
1 jul 2024,HAZARD,13
2 jul 2024,HAZARD,6
2 jul 2024,ACCIDENT,2
3 jul 2024,ACCIDENT,1
4 jul 2024,HAZARD,2
4 jul 2024,ACCIDENT,1
5 jul 2024,ACCIDENT,1
5 jul 2024,HAZARD,2
6 jul 2024,HAZARD,3
7 jul 2024,HAZARD,1
8 jul 2024,HAZARD,4
8 jul 2024,ACCIDENT,2
9 jul 2024,ACCIDENT,1
9 jul 2024,HAZARD,9
10 jul 2024,HAZARD,37
10 jul 2024,ACCIDENT,1
11 jul 2024,HAZARD,22
12 jul 2024,HAZARD,2
12 jul 2024,ACCIDENT,1
13 jul 2024,HAZARD,4
14 jul 2024,ACCIDENT,2
14 jul 2024,HAZARD,2
15 jul 2024,ACCIDENT,3
15 jul 2024,HAZARD,10
16 jul 2024,ACCIDENT,1
16 jul 2024,HAZARD,11
17 jul 2024,HAZARD,42
17 jul 2024,ACCIDENT,1
18 jul 2024,HAZARD,26
19 jul 2024,HAZARD,7
19 jul 2024,ACCIDENT,5
20 jul 2024,HAZARD,29
22 jul 2024,HAZARD,3
24 jul 2024,HAZARD,6
25 jul 2024,ACCIDENT,8
25 jul 2024,HAZARD,12
26 jul 2024,ACCIDENT,1
26 jul 2024,HAZARD,4
27 jul 2024,ACCIDENT,2
27 jul 2024,HAZARD,9
28 jul 2024,HAZARD,2
29 jul 2024,HAZARD,5
30 jul 2024,HAZARD,2
31 jul 2024,HAZARD,13
31 jul 2024,ACCIDENT,1
1 ago 2024,HAZARD,18
2 ago 2024,HAZARD,56
3 ago 2024,HAZARD,24
3 ago 2024,ACCIDENT,2
4 ago 2024,HAZARD,10
5 ago 2024,HAZARD,22
5 ago 2024,ACCIDENT,1
6 ago 2024,HAZARD,12
7 ago 2024,HAZARD,5
7 ago 2024,ACCIDENT,1
8 ago 2024,HAZARD,5
9 ago 2024,ACCIDENT,1
9 ago 2024,HAZARD,21
10 ago 2024,HAZARD,14
11 ago 2024,HAZARD,2
12 ago 2024,HAZARD,22
14 ago 2024,HAZARD,9
15 ago 2024,ACCIDENT,1
15 ago 2024,HAZARD,11
16 ago 2024,HAZARD,21
17 ago 2024,ACCIDENT,2
17 ago 2024,HAZARD,12
18 ago 2024,HAZARD,5
19 ago 2024,HAZARD,35
20 ago 2024,HAZARD,4
21 ago 2024,HAZARD,7
22 ago 2024,ACCIDENT,4
22 ago 2024,HAZARD,14
23 ago 2024,HAZARD,31
23 ago 2024,ACCIDENT,1
24 ago 2024,HAZARD,8
25 ago 2024,HAZARD,2
26 ago 2024,ACCIDENT,2
26 ago 2024,HAZARD,6
27 ago 2024,HAZARD,8
28 ago 2024,HAZARD,17
28 ago 2024,ACCIDENT,2
29 ago 2024,ACCIDENT,1
29 ago 2024,HAZARD,11
30 ago 2024,ACCIDENT,2
30 ago 2024,HAZARD,34
31 ago 2024,ACCIDENT,2
31 ago 2024,HAZARD,16
1 sept 2024,HAZARD,4
2 sept 2024,ACCIDENT,4
2 sept 2024,HAZARD,18
3 sept 2024,HAZARD,17
4 sept 2024,HAZARD,10
5 sept 2024,HAZARD,21
5 sept 2024,ACCIDENT,3
6 sept 2024,HAZARD,19
6 sept 2024,ACCIDENT,1
7 sept 2024,HAZARD,4
8 sept 2024,HAZARD,2
8 sept 2024,ACCIDENT,1
9 sept 2024,HAZARD,16
10 sept 2024,HAZARD,11
10 sept 2024,ACCIDENT,2
11 sept 2024,HAZARD,12
12 sept 2024,HAZARD,10
13 sept 2024,HAZARD,32
13 sept 2024,ACCIDENT,3
14 sept 2024,HAZARD,14
16 sept 2024,HAZARD,3
17 sept 2024,ACCIDENT,2
17 sept 2024,HAZARD,7
18 sept 2024,HAZARD,32
19 sept 2024,HAZARD,8
19 sept 2024,ACCIDENT,3
20 sept 2024,HAZARD,18
21 sept 2024,HAZARD,20
21 sept 2024,ACCIDENT,5
22 sept 2024,HAZARD,1
23 sept 2024,HAZARD,8
23 sept 2024,ACCIDENT,1
24 sept 2024,HAZARD,15
25 sept 2024,HAZARD,5
26 sept 2024,HAZARD,38
26 sept 2024,ACCIDENT,4
27 sept 2024,ACCIDENT,1
27 sept 2024,HAZARD,12
28 sept 2024,HAZARD,11
28 sept 2024,ACCIDENT,4
29 sept 2024,HAZARD,2
30 sept 2024,HAZARD,10
1 oct 2024,HAZARD,1
2 oct 2024,HAZARD,23
2 oct 2024,ACCIDENT,1
3 oct 2024,ACCIDENT,1
3 oct 2024,HAZARD,16
4 oct 2024,HAZARD,16
5 oct 2024,HAZARD,4
5 oct 2024,ACCIDENT,1
6 oct 2024,HAZARD,1
7 oct 2024,ACCIDENT,1
7 oct 2024,HAZARD,21
8 oct 2024,HAZARD,26
9 oct 2024,HAZARD,31
10 oct 2024,HAZARD,8
11 oct 2024,HAZARD,16
11 oct 2024,ACCIDENT,4
12 oct 2024,HAZARD,21
13 oct 2024,HAZARD,4
14 oct 2024,HAZARD,16
14 oct 2024,ACCIDENT,1
15 oct 2024,HAZARD,9
16 oct 2024,ACCIDENT,7
16 oct 2024,HAZARD,8
17 oct 2024,HAZARD,10
18 oct 2024,ACCIDENT,3
18 oct 2024,HAZARD,11
19 oct 2024,HAZARD,7
21 oct 2024,HAZARD,22
22 oct 2024,ACCIDENT,2
22 oct 2024,HAZARD,4
23 oct 2024,HAZARD,2
24 oct 2024,ACCIDENT,1
24 oct 2024,HAZARD,20
25 oct 2024,HAZARD,5
26 oct 2024,HAZARD,1
27 oct 2024,HAZARD,1
28 oct 2024,HAZARD,12
28 oct 2024,ACCIDENT,1
29 oct 2024,HAZARD,11
30 oct 2024,HAZARD,7
31 oct 2024,HAZARD,10
1 nov 2024,ACCIDENT,6
1 nov 2024,HAZARD,13
2 nov 2024,HAZARD,8
4 nov 2024,ACCIDENT,1
4 nov 2024,HAZARD,1
5 nov 2024,HAZARD,4
6 nov 2024,HAZARD,2
6 nov 2024,ACCIDENT,2
7 nov 2024,ACCIDENT,1
7 nov 2024,HAZARD,2
8 nov 2024,HAZARD,4
8 nov 2024,ACCIDENT,1
9 nov 2024,HAZARD,2
11 nov 2024,ACCIDENT,3
11 nov 2024,HAZARD,4
13 nov 2024,HAZARD,1
13 nov 2024,ACCIDENT,1
14 nov 2024,ACCIDENT,1
14 nov 2024,HAZARD,6
15 nov 2024,HAZARD,12
16 nov 2024,HAZARD,11
16 nov 2024,ACCIDENT,1
19 nov 2024,ACCIDENT,3
19 nov 2024,HAZARD,7
20 nov 2024,HAZARD,5
21 nov 2024,HAZARD,11
22 nov 2024,ACCIDENT,5
22 nov 2024,HAZARD,1
23 nov 2024,HAZARD,5
23 nov 2024,ACCIDENT,4
24 nov 2024,ACCIDENT,2
25 nov 2024,HAZARD,6
25 nov 2024,ROAD_CLOSED,1
26 nov 2024,HAZARD,4
27 nov 2024,HAZARD,2
29 nov 2024,HAZARD,1
29 nov 2024,ACCIDENT,3
30 nov 2024,HAZARD,2
30 nov 2024,ACCIDENT,4
1 dic 2024,ACCIDENT,7
2 dic 2024,ACCIDENT,2
2 dic 2024,HAZARD,1
3 dic 2024,HAZARD,2
3 dic 2024,ACCIDENT,5
5 dic 2024,HAZARD,4
5 dic 2024,ACCIDENT,1
6 dic 2024,ACCIDENT,2
6 dic 2024,HAZARD,17
7 dic 2024,HAZARD,6
8 dic 2024,HAZARD,3
9 dic 2024,HAZARD,6
9 dic 2024,ACCIDENT,8
10 dic 2024,HAZARD,7
10 dic 2024,ACCIDENT,5
11 dic 2024,HAZARD,12
12 dic 2024,ACCIDENT,1
12 dic 2024,HAZARD,3
13 dic 2024,ACCIDENT,3
13 dic 2024,HAZARD,2
14 dic 2024,ACCIDENT,3
14 dic 2024,HAZARD,8
15 dic 2024,ACCIDENT,2
15 dic 2024,HAZARD,1
16 dic 2024,HAZARD,33
16 dic 2024,ACCIDENT,7
17 dic 2024,HAZARD,15
17 dic 2024,ACCIDENT,1
18 dic 2024,HAZARD,25
19 dic 2024,ACCIDENT,1
19 dic 2024,HAZARD,6
20 dic 2024,HAZARD,4
21 dic 2024,HAZARD,5
22 dic 2024,HAZARD,3
23 dic 2024,HAZARD,16
24 dic 2024,HAZARD,4
26 dic 2024,HAZARD,2
26 dic 2024,ACCIDENT,1
27 dic 2024,HAZARD,7
28 dic 2024,HAZARD,11
30 dic 2024,HAZARD,1
31 dic 2024,HAZARD,2