Day,Road Type,Accidents
1 ene 2024,7,13
1 ene 2024,2,3
1 ene 2024,8,1
1 ene 2024,20,1
1 ene 2024,6,12
1 ene 2024,1,14
2 ene 2024,6,54
2 ene 2024,1,13
2 ene 2024,7,21
2 ene 2024,20,2
2 ene 2024,3,1
2 ene 2024,2,7
3 ene 2024,2,9
3 ene 2024,4,2
3 ene 2024,6,66
3 ene 2024,1,22
3 ene 2024,7,43
3 ene 2024,20,1
4 ene 2024,20,2
4 ene 2024,6,113
4 ene 2024,7,55
4 ene 2024,17,1
4 ene 2024,1,27
4 ene 2024,2,16
4 ene 2024,3,2
4 ene 2024,4,2
5 ene 2024,4,3
5 ene 2024,1,44
5 ene 2024,6,136
5 ene 2024,20,4
5 ene 2024,3,1
5 ene 2024,7,61
5 ene 2024,2,15
6 ene 2024,3,2
6 ene 2024,1,59
6 ene 2024,6,129
6 ene 2024,4,3
6 ene 2024,2,31
6 ene 2024,20,1
6 ene 2024,7,77
7 ene 2024,7,29
7 ene 2024,6,37
7 ene 2024,2,1
7 ene 2024,1,16
7 ene 2024,4,1
8 ene 2024,1,33
8 ene 2024,2,8
8 ene 2024,6,93
8 ene 2024,7,57
8 ene 2024,3,1
9 ene 2024,7,46
9 ene 2024,17,1
9 ene 2024,2,11
9 ene 2024,6,102
9 ene 2024,1,28
10 ene 2024,1,28
10 ene 2024,7,48
10 ene 2024,2,5
10 ene 2024,6,88
10 ene 2024,4,2
11 ene 2024,7,45
11 ene 2024,2,16
11 ene 2024,1,16
11 ene 2024,6,123
11 ene 2024,4,1
12 ene 2024,6,154
12 ene 2024,7,67
12 ene 2024,1,25
12 ene 2024,4,4
12 ene 2024,2,13
13 ene 2024,2,9
13 ene 2024,7,36
13 ene 2024,1,25
13 ene 2024,6,114
13 ene 2024,3,2
13 ene 2024,8,1
13 ene 2024,4,5
14 ene 2024,6,48
14 ene 2024,2,5
14 ene 2024,7,24
14 ene 2024,1,18
14 ene 2024,20,1
15 ene 2024,7,28
15 ene 2024,20,1
15 ene 2024,6,98
15 ene 2024,4,4
15 ene 2024,2,5
15 ene 2024,1,15
16 ene 2024,1,16
16 ene 2024,20,1
16 ene 2024,2,9
16 ene 2024,3,2
16 ene 2024,4,1
16 ene 2024,7,42
16 ene 2024,6,111
17 ene 2024,6,126
17 ene 2024,17,1
17 ene 2024,4,6
17 ene 2024,1,23
17 ene 2024,3,6
17 ene 2024,7,63
17 ene 2024,2,5
18 ene 2024,4,3
18 ene 2024,2,11
18 ene 2024,3,3
18 ene 2024,1,11
18 ene 2024,6,136
18 ene 2024,7,36
19 ene 2024,1,34
19 ene 2024,4,1
19 ene 2024,6,140
19 ene 2024,7,78
19 ene 2024,17,1
19 ene 2024,2,19
19 ene 2024,3,3
20 ene 2024,4,2
20 ene 2024,2,13
20 ene 2024,6,122
20 ene 2024,7,89
20 ene 2024,1,37
20 ene 2024,3,3
21 ene 2024,20,1
21 ene 2024,6,28
21 ene 2024,1,9
21 ene 2024,7,4
21 ene 2024,2,3
22 ene 2024,3,1
22 ene 2024,6,115
22 ene 2024,7,38
22 ene 2024,4,2
22 ene 2024,1,23
22 ene 2024,2,9
23 ene 2024,2,10
23 ene 2024,7,39
23 ene 2024,1,24
23 ene 2024,6,113
23 ene 2024,4,1
24 ene 2024,7,28
24 ene 2024,1,11
24 ene 2024,3,1
24 ene 2024,6,99
24 ene 2024,4,1
24 ene 2024,2,9
25 ene 2024,1,23
25 ene 2024,2,9
25 ene 2024,7,37
25 ene 2024,20,1
25 ene 2024,6,100
25 ene 2024,4,3
26 ene 2024,4,3
26 ene 2024,7,43
26 ene 2024,2,9
26 ene 2024,6,122
26 ene 2024,1,11
27 ene 2024,2,7
27 ene 2024,20,1
27 ene 2024,3,1
27 ene 2024,7,56
27 ene 2024,1,23
27 ene 2024,6,104
28 ene 2024,7,5
28 ene 2024,6,29
28 ene 2024,2,5
28 ene 2024,4,1
28 ene 2024,1,13
29 ene 2024,3,1
29 ene 2024,2,8
29 ene 2024,6,117
29 ene 2024,1,23
29 ene 2024,7,38
30 ene 2024,6,119
30 ene 2024,7,45
30 ene 2024,3,1
30 ene 2024,4,1
30 ene 2024,2,15
30 ene 2024,1,19
31 ene 2024,1,25
31 ene 2024,20,1
31 ene 2024,3,1
31 ene 2024,2,6
31 ene 2024,7,52
31 ene 2024,6,109
1 feb 2024,1,14
1 feb 2024,2,7
1 feb 2024,3,3
1 feb 2024,4,2
1 feb 2024,7,35
1 feb 2024,6,101
2 feb 2024,1,31
2 feb 2024,6,140
2 feb 2024,4,5
2 feb 2024,2,16
2 feb 2024,7,66
3 feb 2024,20,1
3 feb 2024,4,2
3 feb 2024,2,12
3 feb 2024,3,2
3 feb 2024,7,55
3 feb 2024,6,145
3 feb 2024,1,31
4 feb 2024,2,3
4 feb 2024,7,15
4 feb 2024,4,1
4 feb 2024,6,39
4 feb 2024,1,13
5 feb 2024,7,12
5 feb 2024,6,34
5 feb 2024,1,6
5 feb 2024,4,1
5 feb 2024,2,2
6 feb 2024,4,3
6 feb 2024,6,116
6 feb 2024,2,13
6 feb 2024,3,1
6 feb 2024,7,47
6 feb 2024,20,1
6 feb 2024,1,25
7 feb 2024,4,2
7 feb 2024,6,151
7 feb 2024,2,25
7 feb 2024,1,65
7 feb 2024,20,1
7 feb 2024,7,86
8 feb 2024,4,5
8 feb 2024,2,17
8 feb 2024,7,46
8 feb 2024,1,32
8 feb 2024,6,141
9 feb 2024,3,3
9 feb 2024,1,35
9 feb 2024,2,14
9 feb 2024,6,162
9 feb 2024,20,1
9 feb 2024,7,84
9 feb 2024,4,5
10 feb 2024,6,113
10 feb 2024,2,22
10 feb 2024,4,4
10 feb 2024,7,97
10 feb 2024,1,51
10 feb 2024,3,1
11 feb 2024,4,2
11 feb 2024,2,10
11 feb 2024,6,53
11 feb 2024,1,13
11 feb 2024,7,40
12 feb 2024,2,15
12 feb 2024,6,123
12 feb 2024,20,1
12 feb 2024,17,1
12 feb 2024,1,26
12 feb 2024,7,46
12 feb 2024,8,1
13 feb 2024,2,14
13 feb 2024,7,31
13 feb 2024,4,3
13 feb 2024,6,116
13 feb 2024,1,19
14 feb 2024,6,189
14 feb 2024,2,21
14 feb 2024,4,4
14 feb 2024,7,121
14 feb 2024,1,47
14 feb 2024,20,1
15 feb 2024,20,4
15 feb 2024,4,3
15 feb 2024,2,14
15 feb 2024,6,98
15 feb 2024,1,25
15 feb 2024,7,65
16 feb 2024,4,3
16 feb 2024,20,1
16 feb 2024,3,5
16 feb 2024,6,202
16 feb 2024,7,124
16 feb 2024,2,46
16 feb 2024,1,70
17 feb 2024,20,5
17 feb 2024,2,16
17 feb 2024,4,3
17 feb 2024,1,34
17 feb 2024,3,1
17 feb 2024,7,57
17 feb 2024,6,139
18 feb 2024,2,8
18 feb 2024,6,29
18 feb 2024,7,26
18 feb 2024,1,12
18 feb 2024,4,3
19 feb 2024,7,54
19 feb 2024,1,21
19 feb 2024,2,15
19 feb 2024,6,129
19 feb 2024,4,2
20 feb 2024,20,1
20 feb 2024,1,21
20 feb 2024,6,119
20 feb 2024,4,2
20 feb 2024,7,29
20 feb 2024,2,6
20 feb 2024,3,1
20 feb 2024,17,1
21 feb 2024,7,27
21 feb 2024,1,21
21 feb 2024,6,116
21 feb 2024,4,4
21 feb 2024,2,19
22 feb 2024,1,33
22 feb 2024,6,142
22 feb 2024,4,6
22 feb 2024,7,46
22 feb 2024,2,24
23 feb 2024,1,29
23 feb 2024,4,3
23 feb 2024,6,157
23 feb 2024,7,68
23 feb 2024,2,23
23 feb 2024,3,1
24 feb 2024,7,39
24 feb 2024,2,26
24 feb 2024,1,34
24 feb 2024,6,130
24 feb 2024,4,5
25 feb 2024,6,45
25 feb 2024,7,24
25 feb 2024,1,17
25 feb 2024,2,6
25 feb 2024,4,1
26 feb 2024,6,12
26 feb 2024,7,5
26 feb 2024,2,1
26 feb 2024,1,7
26 feb 2024,4,2
29 feb 2024,20,1
29 feb 2024,6,105
29 feb 2024,3,2
29 feb 2024,4,1
29 feb 2024,2,14
29 feb 2024,7,49
29 feb 2024,1,20
1 mar 2024,2,24
1 mar 2024,6,180
1 mar 2024,4,3
1 mar 2024,7,80
1 mar 2024,1,38
1 mar 2024,3,1
2 mar 2024,1,21
2 mar 2024,2,8
2 mar 2024,6,114
2 mar 2024,4,2
2 mar 2024,7,45
2 mar 2024,3,1
3 mar 2024,1,4
3 mar 2024,4,2
3 mar 2024,6,35
3 mar 2024,7,16
3 mar 2024,2,6
4 mar 2024,1,15
4 mar 2024,4,2
4 mar 2024,2,7
4 mar 2024,6,84
4 mar 2024,7,41
5 mar 2024,6,92
5 mar 2024,1,22
5 mar 2024,4,3
5 mar 2024,17,1
5 mar 2024,7,39
5 mar 2024,2,6
6 mar 2024,4,3
6 mar 2024,6,105
6 mar 2024,1,21
6 mar 2024,20,1
6 mar 2024,7,47
6 mar 2024,2,11
7 mar 2024,6,132
7 mar 2024,3,1
7 mar 2024,7,55
7 mar 2024,20,2
7 mar 2024,4,1
7 mar 2024,2,14
7 mar 2024,1,28
8 mar 2024,1,40
8 mar 2024,6,123
8 mar 2024,2,16
8 mar 2024,4,3
8 mar 2024,20,2
8 mar 2024,7,87
9 mar 2024,8,1
9 mar 2024,7,73
9 mar 2024,1,41
9 mar 2024,4,2
9 mar 2024,3,1
9 mar 2024,2,19
9 mar 2024,6,95
9 mar 2024,20,2
10 mar 2024,1,16
10 mar 2024,6,33
10 mar 2024,2,1
10 mar 2024,4,1
10 mar 2024,7,16
11 mar 2024,4,2
11 mar 2024,7,23
11 mar 2024,6,71
11 mar 2024,2,12
11 mar 2024,20,1
11 mar 2024,1,20
12 mar 2024,20,1
12 mar 2024,1,23
12 mar 2024,4,5
12 mar 2024,6,87
12 mar 2024,2,16
12 mar 2024,7,49
13 mar 2024,6,98
13 mar 2024,2,7
13 mar 2024,4,4
13 mar 2024,7,47
13 mar 2024,1,21
14 mar 2024,7,37
14 mar 2024,6,136
14 mar 2024,3,1
14 mar 2024,2,17
14 mar 2024,4,2
14 mar 2024,1,26
15 mar 2024,1,31
15 mar 2024,3,1
15 mar 2024,4,3
15 mar 2024,6,139
15 mar 2024,7,80
15 mar 2024,2,21
16 mar 2024,1,17
16 mar 2024,7,58
16 mar 2024,4,4
16 mar 2024,20,1
16 mar 2024,2,12
16 mar 2024,6,126
17 mar 2024,7,31
17 mar 2024,1,24
17 mar 2024,6,55
17 mar 2024,4,1
17 mar 2024,20,1
17 mar 2024,2,9
18 mar 2024,6,32
18 mar 2024,1,13
18 mar 2024,7,7
18 mar 2024,2,2
19 mar 2024,4,4
19 mar 2024,7,37
19 mar 2024,1,11
19 mar 2024,6,117
19 mar 2024,3,3
19 mar 2024,2,5
20 mar 2024,2,8
20 mar 2024,6,89
20 mar 2024,7,42
20 mar 2024,4,4
20 mar 2024,20,1
20 mar 2024,1,10
21 mar 2024,4,1
21 mar 2024,6,88
21 mar 2024,7,37
21 mar 2024,3,1
21 mar 2024,1,19
21 mar 2024,2,10
22 mar 2024,1,35
22 mar 2024,3,1
22 mar 2024,6,149
22 mar 2024,4,10
22 mar 2024,20,2
22 mar 2024,7,54
22 mar 2024,2,10
23 mar 2024,1,18
23 mar 2024,4,2
23 mar 2024,2,3
23 mar 2024,6,97
23 mar 2024,20,1
23 mar 2024,7,40
24 mar 2024,4,1
24 mar 2024,1,18
24 mar 2024,20,2
24 mar 2024,2,7
24 mar 2024,7,19
24 mar 2024,6,18
25 mar 2024,3,3
25 mar 2024,2,3
25 mar 2024,1,24
25 mar 2024,6,63
25 mar 2024,7,14
26 mar 2024,6,44
26 mar 2024,2,4
26 mar 2024,3,2
26 mar 2024,1,15
26 mar 2024,7,12
27 mar 2024,1,17
27 mar 2024,6,34
27 mar 2024,3,3
27 mar 2024,7,21
27 mar 2024,2,2
27 mar 2024,4,3
28 mar 2024,4,1
28 mar 2024,17,1
28 mar 2024,7,15
28 mar 2024,2,2
28 mar 2024,1,16
28 mar 2024,6,40
29 mar 2024,1,14
29 mar 2024,20,1
29 mar 2024,6,18
29 mar 2024,2,3
29 mar 2024,7,7
30 mar 2024,7,21
30 mar 2024,3,1
30 mar 2024,2,8
30 mar 2024,6,37
30 mar 2024,1,29
30 mar 2024,20,1
31 mar 2024,20,1
31 mar 2024,7,13
31 mar 2024,17,1
31 mar 2024,4,1
31 mar 2024,1,28
31 mar 2024,6,33
31 mar 2024,2,1
1 abr 2024,7,19
1 abr 2024,20,1
1 abr 2024,1,15
1 abr 2024,6,55
1 abr 2024,2,3
1 abr 2024,4,3
2 abr 2024,7,18
2 abr 2024,6,44
2 abr 2024,2,6
2 abr 2024,1,10
2 abr 2024,3,1
2 abr 2024,20,1
3 abr 2024,6,57
3 abr 2024,4,2
3 abr 2024,1,10
3 abr 2024,7,14
3 abr 2024,2,4
3 abr 2024,3,3
4 abr 2024,20,2
4 abr 2024,3,2
4 abr 2024,7,30
4 abr 2024,6,60
4 abr 2024,2,8
4 abr 2024,1,18
4 abr 2024,4,1
5 abr 2024,7,33
5 abr 2024,6,125
5 abr 2024,4,3
5 abr 2024,1,11
5 abr 2024,2,2
5 abr 2024,3,1
6 abr 2024,4,4
6 abr 2024,7,33
6 abr 2024,1,15
6 abr 2024,17,1
6 abr 2024,3,2
6 abr 2024,6,82
6 abr 2024,2,4
7 abr 2024,6,28
7 abr 2024,7,10
7 abr 2024,2,1
7 abr 2024,1,11
7 abr 2024,4,1
8 abr 2024,1,3
8 abr 2024,6,27
8 abr 2024,7,13
8 abr 2024,4,1
9 abr 2024,3,3
9 abr 2024,1,17
9 abr 2024,2,9
9 abr 2024,6,107
9 abr 2024,4,5
9 abr 2024,20,1
9 abr 2024,7,62
10 abr 2024,6,69
10 abr 2024,7,37
10 abr 2024,2,5
10 abr 2024,1,22
11 abr 2024,1,15
11 abr 2024,4,1
11 abr 2024,7,27
11 abr 2024,2,10
11 abr 2024,6,85
12 abr 2024,8,2
12 abr 2024,6,186
12 abr 2024,1,18
12 abr 2024,3,2
12 abr 2024,4,2
12 abr 2024,7,62
12 abr 2024,17,1
12 abr 2024,2,10
13 abr 2024,4,4
13 abr 2024,3,4
13 abr 2024,1,19
13 abr 2024,7,30
13 abr 2024,6,85
13 abr 2024,20,1
13 abr 2024,2,6
14 abr 2024,7,15
14 abr 2024,2,1
14 abr 2024,1,8
14 abr 2024,6,28
15 abr 2024,6,89
15 abr 2024,3,2
15 abr 2024,1,19
15 abr 2024,7,28
15 abr 2024,4,3
15 abr 2024,2,9
16 abr 2024,3,1
16 abr 2024,7,57
16 abr 2024,6,135
16 abr 2024,1,21
16 abr 2024,20,1
16 abr 2024,2,10
17 abr 2024,1,20
17 abr 2024,3,1
17 abr 2024,6,112
17 abr 2024,7,56
17 abr 2024,2,11
17 abr 2024,4,7
18 abr 2024,1,34
18 abr 2024,2,7
18 abr 2024,7,40
18 abr 2024,6,108
18 abr 2024,4,4
18 abr 2024,20,1
19 abr 2024,6,134
19 abr 2024,2,8
19 abr 2024,4,4
19 abr 2024,7,51
19 abr 2024,3,3
19 abr 2024,1,19
19 abr 2024,20,1
20 abr 2024,6,113
20 abr 2024,7,35
20 abr 2024,1,16
20 abr 2024,4,2
20 abr 2024,2,2
21 abr 2024,1,12
21 abr 2024,6,26
21 abr 2024,7,26
21 abr 2024,20,1
22 abr 2024,7,24
22 abr 2024,6,102
22 abr 2024,1,8
22 abr 2024,3,1
22 abr 2024,4,2
22 abr 2024,2,4
23 abr 2024,6,114
23 abr 2024,7,34
23 abr 2024,3,1
23 abr 2024,1,14
23 abr 2024,2,7
24 abr 2024,2,10
24 abr 2024,20,1
24 abr 2024,7,51
24 abr 2024,4,1
24 abr 2024,1,17
24 abr 2024,6,95
25 abr 2024,7,42
25 abr 2024,2,3
25 abr 2024,1,18
25 abr 2024,6,100
26 abr 2024,2,8
26 abr 2024,7,71
26 abr 2024,6,96
26 abr 2024,1,20
26 abr 2024,4,6
27 abr 2024,2,4
27 abr 2024,1,9
27 abr 2024,6,91
27 abr 2024,4,2
27 abr 2024,7,33
27 abr 2024,20,1
28 abr 2024,2,4
28 abr 2024,6,52
28 abr 2024,22,1
28 abr 2024,1,17
28 abr 2024,4,2
28 abr 2024,7,22
28 abr 2024,20,2
29 abr 2024,20,2
29 abr 2024,2,6
29 abr 2024,1,13
29 abr 2024,17,1
29 abr 2024,4,2
29 abr 2024,3,1
29 abr 2024,7,40
29 abr 2024,6,107
30 abr 2024,6,150
30 abr 2024,2,13
30 abr 2024,7,66
30 abr 2024,1,35
30 abr 2024,4,2
1 may 2024,6,48
1 may 2024,1,9
1 may 2024,3,3
1 may 2024,7,12
1 may 2024,22,1
2 may 2024,7,49
2 may 2024,1,16
2 may 2024,3,2
2 may 2024,4,4
2 may 2024,2,16
2 may 2024,6,124
3 may 2024,7,64
3 may 2024,3,1
3 may 2024,1,20
3 may 2024,6,139
3 may 2024,2,9
4 may 2024,3,2
4 may 2024,7,28
4 may 2024,2,18
4 may 2024,4,2
4 may 2024,17,1
4 may 2024,6,118
4 may 2024,1,12
5 may 2024,7,19
5 may 2024,6,20
5 may 2024,2,3
5 may 2024,1,8
5 may 2024,20,1
6 may 2024,6,92
6 may 2024,2,3
6 may 2024,7,32
6 may 2024,1,16
6 may 2024,17,1
6 may 2024,4,1
7 may 2024,7,24
7 may 2024,3,2
7 may 2024,1,12
7 may 2024,6,90
7 may 2024,2,2
8 may 2024,1,12
8 may 2024,2,8
8 may 2024,3,5
8 may 2024,6,113
8 may 2024,20,1
8 may 2024,7,26
9 may 2024,7,46
9 may 2024,4,3
9 may 2024,3,1
9 may 2024,6,131
9 may 2024,2,15
9 may 2024,1,22
10 may 2024,3,6
10 may 2024,2,10
10 may 2024,1,30
10 may 2024,6,159
10 may 2024,4,2
10 may 2024,7,54
10 may 2024,20,1
11 may 2024,20,1
11 may 2024,1,23
11 may 2024,6,64
11 may 2024,3,2
11 may 2024,7,44
11 may 2024,4,1
11 may 2024,2,9
12 may 2024,2,10
12 may 2024,7,16
12 may 2024,6,25
12 may 2024,1,14
13 may 2024,20,1
13 may 2024,1,22
13 may 2024,7,16
13 may 2024,6,123
13 may 2024,2,15
13 may 2024,3,1
14 may 2024,1,20
14 may 2024,4,3
14 may 2024,7,29
14 may 2024,6,79
14 may 2024,2,5
14 may 2024,17,1
14 may 2024,3,3
15 may 2024,3,2
15 may 2024,1,19
15 may 2024,2,14
15 may 2024,6,83
15 may 2024,7,39
15 may 2024,4,4
16 may 2024,7,35
16 may 2024,1,28
16 may 2024,6,101
16 may 2024,2,12
16 may 2024,20,1
16 may 2024,3,3
16 may 2024,4,3
17 may 2024,6,131
17 may 2024,20,1
17 may 2024,7,44
17 may 2024,17,1
17 may 2024,1,22
17 may 2024,2,12
17 may 2024,4,1
17 may 2024,3,5
18 may 2024,4,5
18 may 2024,6,103
18 may 2024,7,50
18 may 2024,20,1
18 may 2024,2,6
18 may 2024,1,29
19 may 2024,6,31
19 may 2024,20,4
19 may 2024,3,2
19 may 2024,7,7
19 may 2024,2,4
19 may 2024,1,15
20 may 2024,7,34
20 may 2024,2,3
20 may 2024,3,1
20 may 2024,1,19
20 may 2024,20,1
20 may 2024,6,89
21 may 2024,2,5
21 may 2024,1,6
21 may 2024,4,1
21 may 2024,3,4
21 may 2024,6,103
21 may 2024,7,29
22 may 2024,20,4
22 may 2024,7,85
22 may 2024,2,45
22 may 2024,4,5
22 may 2024,1,81
22 may 2024,3,2
22 may 2024,6,164
23 may 2024,3,3
23 may 2024,2,6
23 may 2024,1,14
23 may 2024,6,98
23 may 2024,4,3
23 may 2024,7,39
24 may 2024,7,38
24 may 2024,20,1
24 may 2024,6,94
24 may 2024,1,10
24 may 2024,3,1
24 may 2024,2,8
24 may 2024,4,1
25 may 2024,3,1
25 may 2024,4,2
25 may 2024,7,31
25 may 2024,6,94
25 may 2024,20,1
25 may 2024,2,8
25 may 2024,1,16
26 may 2024,7,16
26 may 2024,2,8
26 may 2024,1,15
26 may 2024,6,33
27 may 2024,7,34
27 may 2024,4,1
27 may 2024,1,16
27 may 2024,6,85
27 may 2024,2,6
28 may 2024,2,12
28 may 2024,1,21
28 may 2024,4,2
28 may 2024,6,78
28 may 2024,7,39
29 may 2024,2,5
29 may 2024,6,96
29 may 2024,4,2
29 may 2024,1,11
29 may 2024,17,2
29 may 2024,7,20
30 may 2024,2,12
30 may 2024,4,4
30 may 2024,1,23
30 may 2024,3,1
30 may 2024,20,1
30 may 2024,7,40
30 may 2024,6,102
31 may 2024,2,14
31 may 2024,6,93
31 may 2024,4,4
31 may 2024,3,2
31 may 2024,1,20
31 may 2024,7,30
1 jun 2024,7,43
1 jun 2024,1,29
1 jun 2024,6,86
1 jun 2024,2,6
1 jun 2024,4,3
2 jun 2024,6,31
2 jun 2024,4,2
2 jun 2024,2,1
2 jun 2024,7,6
2 jun 2024,1,18
2 jun 2024,3,1
3 jun 2024,6,64
3 jun 2024,4,1
3 jun 2024,2,1
3 jun 2024,7,19
3 jun 2024,1,10
3 jun 2024,3,1
4 jun 2024,2,17
4 jun 2024,7,56
4 jun 2024,4,2
4 jun 2024,6,124
4 jun 2024,3,1
4 jun 2024,1,18
5 jun 2024,1,15
5 jun 2024,7,32
5 jun 2024,2,6
5 jun 2024,4,1
5 jun 2024,6,87
6 jun 2024,1,17
6 jun 2024,2,13
6 jun 2024,6,103
6 jun 2024,7,32
6 jun 2024,20,1
6 jun 2024,4,2
7 jun 2024,7,51
7 jun 2024,3,1
7 jun 2024,1,18
7 jun 2024,2,10
7 jun 2024,6,129
8 jun 2024,3,2
8 jun 2024,2,7
8 jun 2024,8,1
8 jun 2024,20,1
8 jun 2024,4,2
8 jun 2024,6,92
8 jun 2024,7,45
8 jun 2024,1,29
9 jun 2024,2,3
9 jun 2024,7,16
9 jun 2024,6,36
9 jun 2024,1,9
10 jun 2024,7,34
10 jun 2024,2,4
10 jun 2024,1,16
10 jun 2024,6,69
10 jun 2024,4,1
11 jun 2024,2,4
11 jun 2024,4,2
11 jun 2024,7,69
11 jun 2024,17,1
11 jun 2024,1,23
11 jun 2024,6,146
12 jun 2024,2,17
12 jun 2024,3,2
12 jun 2024,7,52
12 jun 2024,4,5
12 jun 2024,1,44
12 jun 2024,6,132
13 jun 2024,7,31
13 jun 2024,6,83
13 jun 2024,3,1
13 jun 2024,2,7
13 jun 2024,4,1
13 jun 2024,1,13
14 jun 2024,1,50
14 jun 2024,6,127
14 jun 2024,7,65
14 jun 2024,3,2
14 jun 2024,4,5
14 jun 2024,17,1
14 jun 2024,20,3
14 jun 2024,2,15
15 jun 2024,6,98
15 jun 2024,1,47
15 jun 2024,4,3
15 jun 2024,3,6
15 jun 2024,2,13
15 jun 2024,7,95
16 jun 2024,1,47
16 jun 2024,7,26
16 jun 2024,20,2
16 jun 2024,2,5
16 jun 2024,6,43
17 jun 2024,1,32
17 jun 2024,6,75
17 jun 2024,2,10
17 jun 2024,4,2
17 jun 2024,7,42
17 jun 2024,3,2
17 jun 2024,20,1
18 jun 2024,1,22
18 jun 2024,2,9
18 jun 2024,6,95
18 jun 2024,4,1
18 jun 2024,7,58
19 jun 2024,6,105
19 jun 2024,3,1
19 jun 2024,1,39
19 jun 2024,2,11
19 jun 2024,4,2
19 jun 2024,7,69
19 jun 2024,20,1
20 jun 2024,20,1
20 jun 2024,1,84
20 jun 2024,3,6
20 jun 2024,2,21
20 jun 2024,6,135
20 jun 2024,7,96
20 jun 2024,4,3
21 jun 2024,1,28
21 jun 2024,6,115
21 jun 2024,3,2
21 jun 2024,7,76
21 jun 2024,2,20
22 jun 2024,6,86
22 jun 2024,7,47
22 jun 2024,4,3
22 jun 2024,3,2
22 jun 2024,20,1
22 jun 2024,1,32
22 jun 2024,2,15
23 jun 2024,20,1
23 jun 2024,6,55
23 jun 2024,1,26
23 jun 2024,4,3
23 jun 2024,3,7
23 jun 2024,7,29
23 jun 2024,2,7
24 jun 2024,6,86
24 jun 2024,1,16
24 jun 2024,2,5
24 jun 2024,17,1
24 jun 2024,7,46
24 jun 2024,4,2
25 jun 2024,6,82
25 jun 2024,7,38
25 jun 2024,1,27
25 jun 2024,2,9
26 jun 2024,1,9
26 jun 2024,4,2
26 jun 2024,3,1
26 jun 2024,2,3
26 jun 2024,7,32
26 jun 2024,6,90
27 jun 2024,4,6
27 jun 2024,1,18
27 jun 2024,6,100
27 jun 2024,7,40
27 jun 2024,2,7
28 jun 2024,2,7
28 jun 2024,7,55
28 jun 2024,1,28
28 jun 2024,6,107
28 jun 2024,4,1
29 jun 2024,7,47
29 jun 2024,4,6
29 jun 2024,2,12
29 jun 2024,3,1
29 jun 2024,1,25
29 jun 2024,6,98
30 jun 2024,6,41
30 jun 2024,1,19
30 jun 2024,7,26
30 jun 2024,2,6
30 jun 2024,4,1
30 jun 2024,20,3
1 jul 2024,2,15
1 jul 2024,1,26
1 jul 2024,6,117
1 jul 2024,4,10
1 jul 2024,7,69
1 jul 2024,20,3
2 jul 2024,7,47
2 jul 2024,6,118
2 jul 2024,4,2
2 jul 2024,1,20
2 jul 2024,2,2
2 jul 2024,20,2
3 jul 2024,7,43
3 jul 2024,4,1
3 jul 2024,1,22
3 jul 2024,6,78
3 jul 2024,22,1
3 jul 2024,3,1
3 jul 2024,2,3
4 jul 2024,3,1
4 jul 2024,7,42
4 jul 2024,20,2
4 jul 2024,1,23
4 jul 2024,2,7
4 jul 2024,4,4
4 jul 2024,6,127
5 jul 2024,6,134
5 jul 2024,3,5
5 jul 2024,20,1
5 jul 2024,7,51
5 jul 2024,4,4
5 jul 2024,1,13
5 jul 2024,2,14
6 jul 2024,1,19
6 jul 2024,4,3
6 jul 2024,3,2
6 jul 2024,20,1
6 jul 2024,2,16
6 jul 2024,7,62
6 jul 2024,6,85
7 jul 2024,1,13
7 jul 2024,4,2
7 jul 2024,2,5
7 jul 2024,7,15
7 jul 2024,20,2
7 jul 2024,6,50
8 jul 2024,4,1
8 jul 2024,7,42
8 jul 2024,2,9
8 jul 2024,20,1
8 jul 2024,1,21
8 jul 2024,6,104
8 jul 2024,3,1
9 jul 2024,1,13
9 jul 2024,20,5
9 jul 2024,4,1
9 jul 2024,7,59
9 jul 2024,3,1
9 jul 2024,6,124
9 jul 2024,2,5
10 jul 2024,1,38
10 jul 2024,20,1
10 jul 2024,2,20
10 jul 2024,7,88
10 jul 2024,4,8
10 jul 2024,6,157
10 jul 2024,17,1
10 jul 2024,3,1
11 jul 2024,7,75
11 jul 2024,3,3
11 jul 2024,2,15
11 jul 2024,4,4
11 jul 2024,1,40
11 jul 2024,6,162
12 jul 2024,20,2
12 jul 2024,2,13
12 jul 2024,6,115
12 jul 2024,1,19
12 jul 2024,7,54
12 jul 2024,4,6
13 jul 2024,4,9
13 jul 2024,1,15
13 jul 2024,2,13
13 jul 2024,6,147
13 jul 2024,7,53
14 jul 2024,6,65
14 jul 2024,1,22
14 jul 2024,4,4
14 jul 2024,2,6
14 jul 2024,20,3
14 jul 2024,7,52
15 jul 2024,2,5
15 jul 2024,7,61
15 jul 2024,1,17
15 jul 2024,6,140
15 jul 2024,4,4
16 jul 2024,2,6
16 jul 2024,6,108
16 jul 2024,1,30
16 jul 2024,7,69
16 jul 2024,4,3
16 jul 2024,20,2
16 jul 2024,3,1
17 jul 2024,4,6
17 jul 2024,2,13
17 jul 2024,7,86
17 jul 2024,3,1
17 jul 2024,6,170
17 jul 2024,1,43
18 jul 2024,2,29
18 jul 2024,7,89
18 jul 2024,1,56
18 jul 2024,4,5
18 jul 2024,20,2
18 jul 2024,6,136
19 jul 2024,2,15
19 jul 2024,4,6
19 jul 2024,6,167
19 jul 2024,1,49
19 jul 2024,7,84
19 jul 2024,3,3
20 jul 2024,2,23
20 jul 2024,20,1
20 jul 2024,1,54
20 jul 2024,7,76
20 jul 2024,4,9
20 jul 2024,6,179
21 jul 2024,1,18
21 jul 2024,2,13
21 jul 2024,6,55
21 jul 2024,4,4
21 jul 2024,7,41
22 jul 2024,7,65
22 jul 2024,1,39
22 jul 2024,3,1
22 jul 2024,4,2
22 jul 2024,2,8
22 jul 2024,6,93
23 jul 2024,4,1
23 jul 2024,7,46
23 jul 2024,2,10
23 jul 2024,3,1
23 jul 2024,1,26
23 jul 2024,6,67
24 jul 2024,3,1
24 jul 2024,4,1
24 jul 2024,2,10
24 jul 2024,7,37
24 jul 2024,6,81
24 jul 2024,1,37
25 jul 2024,4,5
25 jul 2024,7,66
25 jul 2024,1,28
25 jul 2024,6,110
25 jul 2024,2,13
26 jul 2024,2,7
26 jul 2024,6,96
26 jul 2024,20,2
26 jul 2024,17,1
26 jul 2024,1,28
26 jul 2024,7,30
26 jul 2024,3,2
26 jul 2024,4,6
27 jul 2024,20,2
27 jul 2024,7,59
27 jul 2024,2,8
27 jul 2024,4,8
27 jul 2024,6,109
27 jul 2024,1,33
28 jul 2024,6,87
28 jul 2024,20,2
28 jul 2024,4,7
28 jul 2024,2,7
28 jul 2024,7,50
28 jul 2024,22,1
28 jul 2024,1,48
28 jul 2024,17,1
29 jul 2024,7,42
29 jul 2024,4,5
29 jul 2024,1,18
29 jul 2024,6,72
29 jul 2024,20,1
29 jul 2024,2,18
30 jul 2024,7,45
30 jul 2024,2,12
30 jul 2024,4,3
30 jul 2024,1,31
30 jul 2024,20,1
30 jul 2024,6,80
31 jul 2024,8,1
31 jul 2024,20,1
31 jul 2024,7,66
31 jul 2024,1,29
31 jul 2024,4,1
31 jul 2024,6,76
31 jul 2024,3,2
31 jul 2024,2,18
1 ago 2024,3,1
1 ago 2024,2,11
1 ago 2024,6,108
1 ago 2024,20,2
1 ago 2024,1,34
1 ago 2024,7,58
1 ago 2024,4,4
2 ago 2024,7,118
2 ago 2024,6,170
2 ago 2024,1,57
2 ago 2024,20,2
2 ago 2024,3,5
2 ago 2024,2,27
2 ago 2024,4,8
3 ago 2024,7,71
3 ago 2024,2,26
3 ago 2024,4,7
3 ago 2024,6,155
3 ago 2024,1,38
3 ago 2024,20,2
3 ago 2024,3,1
4 ago 2024,1,42
4 ago 2024,6,90
4 ago 2024,4,2
4 ago 2024,3,1
4 ago 2024,2,16
4 ago 2024,7,72
4 ago 2024,20,2
5 ago 2024,6,140
5 ago 2024,4,5
5 ago 2024,2,24
5 ago 2024,20,1
5 ago 2024,1,37
5 ago 2024,3,2
5 ago 2024,7,70
5 ago 2024,8,1
6 ago 2024,1,48
6 ago 2024,17,1
6 ago 2024,7,54
6 ago 2024,6,96
6 ago 2024,4,5
6 ago 2024,20,2
6 ago 2024,2,13
6 ago 2024,3,2
7 ago 2024,20,2
7 ago 2024,2,7
7 ago 2024,4,2
7 ago 2024,7,49
7 ago 2024,1,29
7 ago 2024,6,94
8 ago 2024,22,1
8 ago 2024,3,7
8 ago 2024,4,2
8 ago 2024,7,57
8 ago 2024,2,17
8 ago 2024,6,113
8 ago 2024,1,33
9 ago 2024,7,41
9 ago 2024,6,115
9 ago 2024,1,31
9 ago 2024,3,3
9 ago 2024,2,14
9 ago 2024,4,7
10 ago 2024,1,35
10 ago 2024,3,1
10 ago 2024,4,2
10 ago 2024,20,2
10 ago 2024,6,86
10 ago 2024,2,16
10 ago 2024,7,39
11 ago 2024,7,27
11 ago 2024,4,4
11 ago 2024,2,10
11 ago 2024,6,54
11 ago 2024,1,28
12 ago 2024,7,55
12 ago 2024,6,132
12 ago 2024,1,50
12 ago 2024,2,16
12 ago 2024,4,5
13 ago 2024,2,20
13 ago 2024,20,3
13 ago 2024,7,53
13 ago 2024,4,1
13 ago 2024,6,90
13 ago 2024,1,30
14 ago 2024,4,4
14 ago 2024,7,42
14 ago 2024,6,106
14 ago 2024,1,30
14 ago 2024,20,1
14 ago 2024,2,7
15 ago 2024,1,33
15 ago 2024,20,2
15 ago 2024,6,132
15 ago 2024,3,2
15 ago 2024,4,3
15 ago 2024,7,56
15 ago 2024,2,24
16 ago 2024,1,29
16 ago 2024,4,5
16 ago 2024,3,1
16 ago 2024,7,82
16 ago 2024,6,156
16 ago 2024,2,14
17 ago 2024,6,140
17 ago 2024,3,1
17 ago 2024,2,10
17 ago 2024,20,1
17 ago 2024,1,30
17 ago 2024,4,4
17 ago 2024,7,85
18 ago 2024,7,27
18 ago 2024,6,56
18 ago 2024,4,2
18 ago 2024,1,30
18 ago 2024,2,11
18 ago 2024,20,1
19 ago 2024,2,38
19 ago 2024,20,4
19 ago 2024,6,160
19 ago 2024,1,50
19 ago 2024,4,7
19 ago 2024,7,100
20 ago 2024,6,107
20 ago 2024,1,22
20 ago 2024,20,1
20 ago 2024,7,54
20 ago 2024,2,16
21 ago 2024,1,14
21 ago 2024,7,21
21 ago 2024,3,1
21 ago 2024,2,12
21 ago 2024,4,3
21 ago 2024,6,92
22 ago 2024,6,151
22 ago 2024,1,35
22 ago 2024,20,4
22 ago 2024,7,88
22 ago 2024,2,13
22 ago 2024,4,6
23 ago 2024,4,8
23 ago 2024,20,1
23 ago 2024,2,21
23 ago 2024,17,1
23 ago 2024,1,35
23 ago 2024,7,70
23 ago 2024,6,204
24 ago 2024,6,144
24 ago 2024,4,1
24 ago 2024,20,2
24 ago 2024,2,19
24 ago 2024,1,35
24 ago 2024,7,57
25 ago 2024,7,40
25 ago 2024,4,2
25 ago 2024,2,12
25 ago 2024,6,65
25 ago 2024,3,2
25 ago 2024,1,25
26 ago 2024,6,135
26 ago 2024,1,31
26 ago 2024,20,1
26 ago 2024,7,45
26 ago 2024,4,3
26 ago 2024,2,12
27 ago 2024,2,16
27 ago 2024,20,1
27 ago 2024,4,6
27 ago 2024,6,125
27 ago 2024,1,38
27 ago 2024,17,1
27 ago 2024,7,36
28 ago 2024,6,151
28 ago 2024,7,76
28 ago 2024,2,23
28 ago 2024,4,5
28 ago 2024,1,22
29 ago 2024,1,34
29 ago 2024,4,3
29 ago 2024,20,1
29 ago 2024,6,142
29 ago 2024,7,64
29 ago 2024,2,19
30 ago 2024,6,180
30 ago 2024,1,67
30 ago 2024,20,3
30 ago 2024,8,1
30 ago 2024,4,6
30 ago 2024,2,30
30 ago 2024,7,78
31 ago 2024,6,172
31 ago 2024,1,54
31 ago 2024,2,32
31 ago 2024,7,98
31 ago 2024,4,5
31 ago 2024,3,1
1 sept 2024,4,4
1 sept 2024,7,38
1 sept 2024,3,2
1 sept 2024,1,36
1 sept 2024,6,66
1 sept 2024,2,16
2 sept 2024,6,145
2 sept 2024,4,7
2 sept 2024,7,63
2 sept 2024,20,1
2 sept 2024,1,58
2 sept 2024,2,19
3 sept 2024,7,86
3 sept 2024,2,21
3 sept 2024,3,1
3 sept 2024,1,49
3 sept 2024,4,3
3 sept 2024,6,145
4 sept 2024,3,1
4 sept 2024,1,36
4 sept 2024,4,1
4 sept 2024,7,64
4 sept 2024,2,25
4 sept 2024,6,134
5 sept 2024,20,1
5 sept 2024,1,20
5 sept 2024,4,2
5 sept 2024,7,53
5 sept 2024,2,23
5 sept 2024,6,137
6 sept 2024,7,99
6 sept 2024,6,171
6 sept 2024,4,4
6 sept 2024,3,1
6 sept 2024,1,53
6 sept 2024,2,30
7 sept 2024,2,13
7 sept 2024,4,4
7 sept 2024,7,45
7 sept 2024,1,34
7 sept 2024,6,118
8 sept 2024,20,2
8 sept 2024,17,1
8 sept 2024,1,26
8 sept 2024,4,2
8 sept 2024,3,2
8 sept 2024,6,73
8 sept 2024,2,14
8 sept 2024,7,41
9 sept 2024,7,62
9 sept 2024,4,4
9 sept 2024,2,24
9 sept 2024,6,122
9 sept 2024,3,2
9 sept 2024,22,1
9 sept 2024,1,18
10 sept 2024,22,1
10 sept 2024,4,4
10 sept 2024,3,2
10 sept 2024,6,114
10 sept 2024,7,51
10 sept 2024,1,36
10 sept 2024,2,29
11 sept 2024,20,1
11 sept 2024,2,23
11 sept 2024,4,8
11 sept 2024,1,22
11 sept 2024,7,49
11 sept 2024,6,141
12 sept 2024,4,3
12 sept 2024,6,132
12 sept 2024,7,66
12 sept 2024,17,1
12 sept 2024,1,33
12 sept 2024,2,21
13 sept 2024,4,9
13 sept 2024,7,119
13 sept 2024,2,28
13 sept 2024,1,48
13 sept 2024,6,165
13 sept 2024,3,1
14 sept 2024,7,98
14 sept 2024,6,182
14 sept 2024,20,1
14 sept 2024,4,9
14 sept 2024,1,85
14 sept 2024,2,37
15 sept 2024,1,26
15 sept 2024,7,45
15 sept 2024,2,8
15 sept 2024,3,1
15 sept 2024,6,65
15 sept 2024,4,4
16 sept 2024,6,38
16 sept 2024,7,26
16 sept 2024,1,34
16 sept 2024,4,1
16 sept 2024,2,10
17 sept 2024,20,1
17 sept 2024,3,1
17 sept 2024,4,5
17 sept 2024,7,57
17 sept 2024,2,10
17 sept 2024,1,17
17 sept 2024,6,108
18 sept 2024,1,39
18 sept 2024,20,1
18 sept 2024,7,75
18 sept 2024,6,117
18 sept 2024,4,4
18 sept 2024,2,22
19 sept 2024,6,88
19 sept 2024,4,2
19 sept 2024,2,17
19 sept 2024,1,51
19 sept 2024,7,51
20 sept 2024,1,43
20 sept 2024,2,18
20 sept 2024,17,1
20 sept 2024,3,3
20 sept 2024,20,1
20 sept 2024,4,2
20 sept 2024,7,55
20 sept 2024,6,169
21 sept 2024,6,113
21 sept 2024,22,1
21 sept 2024,1,70
21 sept 2024,7,70
21 sept 2024,3,5
21 sept 2024,8,2
21 sept 2024,2,32
21 sept 2024,4,3
22 sept 2024,6,50
22 sept 2024,1,31
22 sept 2024,20,1
22 sept 2024,4,1
22 sept 2024,7,34
22 sept 2024,2,4
23 sept 2024,20,1
23 sept 2024,1,18
23 sept 2024,2,5
23 sept 2024,7,47
23 sept 2024,3,2
23 sept 2024,6,100
23 sept 2024,4,5
24 sept 2024,3,3
24 sept 2024,7,101
24 sept 2024,2,25
24 sept 2024,4,2
24 sept 2024,6,158
24 sept 2024,17,1
24 sept 2024,1,40
25 sept 2024,7,57
25 sept 2024,2,14
25 sept 2024,6,119
25 sept 2024,1,30
25 sept 2024,4,3
25 sept 2024,20,1
25 sept 2024,3,1
26 sept 2024,17,1
26 sept 2024,20,2
26 sept 2024,6,169
26 sept 2024,4,3
26 sept 2024,2,28
26 sept 2024,1,78
26 sept 2024,7,123
27 sept 2024,6,147
27 sept 2024,1,44
27 sept 2024,20,1
27 sept 2024,7,74
27 sept 2024,4,2
27 sept 2024,2,29
28 sept 2024,7,83
28 sept 2024,1,44
28 sept 2024,2,27
28 sept 2024,6,141
28 sept 2024,20,1
28 sept 2024,3,1
28 sept 2024,4,7
29 sept 2024,20,3
29 sept 2024,2,25
29 sept 2024,7,34
29 sept 2024,6,73
29 sept 2024,1,31
29 sept 2024,4,4
30 sept 2024,4,3
30 sept 2024,1,32
30 sept 2024,2,6
30 sept 2024,7,71
30 sept 2024,6,63
1 oct 2024,4,1
1 oct 2024,7,20
1 oct 2024,6,64
1 oct 2024,1,23
1 oct 2024,2,8
2 oct 2024,1,44
2 oct 2024,2,12
2 oct 2024,6,119
2 oct 2024,4,2
2 oct 2024,3,1
2 oct 2024,7,55
3 oct 2024,1,34
3 oct 2024,7,62
3 oct 2024,2,18
3 oct 2024,6,117
4 oct 2024,1,28
4 oct 2024,4,2
4 oct 2024,7,66
4 oct 2024,3,2
4 oct 2024,2,19
4 oct 2024,6,147
5 oct 2024,20,1
5 oct 2024,6,91
5 oct 2024,1,31
5 oct 2024,7,42
5 oct 2024,17,2
5 oct 2024,4,1
5 oct 2024,2,4
6 oct 2024,1,18
6 oct 2024,7,19
6 oct 2024,2,7
6 oct 2024,4,2
6 oct 2024,6,43
6 oct 2024,20,1
7 oct 2024,4,6
7 oct 2024,2,9
7 oct 2024,1,21
7 oct 2024,3,1
7 oct 2024,7,67
7 oct 2024,6,130
8 oct 2024,20,1
8 oct 2024,7,67
8 oct 2024,1,34
8 oct 2024,3,2
8 oct 2024,2,19
8 oct 2024,6,134
9 oct 2024,1,29
9 oct 2024,6,128
9 oct 2024,4,6
9 oct 2024,7,66
9 oct 2024,20,1
9 oct 2024,2,22
9 oct 2024,8,1
10 oct 2024,6,86
10 oct 2024,1,34
10 oct 2024,7,42
10 oct 2024,2,16
10 oct 2024,4,4
11 oct 2024,7,91
11 oct 2024,1,41
11 oct 2024,3,1
11 oct 2024,4,6
11 oct 2024,6,153
11 oct 2024,2,22
12 oct 2024,6,133
12 oct 2024,4,8
12 oct 2024,7,77
12 oct 2024,2,19
12 oct 2024,1,33
13 oct 2024,2,6
13 oct 2024,6,58
13 oct 2024,7,33
13 oct 2024,1,11
13 oct 2024,4,1
14 oct 2024,7,73
14 oct 2024,1,38
14 oct 2024,6,112
14 oct 2024,4,2
14 oct 2024,2,24
15 oct 2024,1,51
15 oct 2024,2,10
15 oct 2024,4,4
15 oct 2024,6,133
15 oct 2024,20,2
15 oct 2024,7,62
16 oct 2024,2,18
16 oct 2024,7,65
16 oct 2024,1,56
16 oct 2024,3,1
16 oct 2024,6,155
16 oct 2024,4,5
17 oct 2024,7,79
17 oct 2024,1,34
17 oct 2024,3,2
17 oct 2024,2,16
17 oct 2024,6,120
17 oct 2024,20,1
17 oct 2024,4,5
18 oct 2024,1,66
18 oct 2024,4,2
18 oct 2024,2,27
18 oct 2024,6,188
18 oct 2024,7,84
19 oct 2024,20,1
19 oct 2024,2,30
19 oct 2024,7,64
19 oct 2024,6,123
19 oct 2024,1,50
19 oct 2024,4,3
20 oct 2024,2,9
20 oct 2024,7,22
20 oct 2024,6,48
20 oct 2024,1,28
21 oct 2024,4,4
21 oct 2024,7,60
21 oct 2024,1,54
21 oct 2024,20,3
21 oct 2024,6,136
21 oct 2024,2,13
22 oct 2024,3,1
22 oct 2024,4,2
22 oct 2024,7,56
22 oct 2024,2,20
22 oct 2024,1,57
22 oct 2024,17,1
22 oct 2024,6,95
23 oct 2024,1,34
23 oct 2024,20,1
23 oct 2024,4,4
23 oct 2024,6,122
23 oct 2024,7,71
23 oct 2024,2,21
24 oct 2024,7,52
24 oct 2024,17,1
24 oct 2024,4,1
24 oct 2024,2,12
24 oct 2024,1,32
24 oct 2024,6,135
25 oct 2024,4,3
25 oct 2024,2,11
25 oct 2024,17,1
25 oct 2024,3,1
25 oct 2024,1,17
25 oct 2024,7,45
25 oct 2024,6,146
26 oct 2024,20,1
26 oct 2024,2,6
26 oct 2024,1,43
26 oct 2024,7,63
26 oct 2024,3,3
26 oct 2024,4,1
26 oct 2024,6,142
27 oct 2024,20,1
27 oct 2024,6,67
27 oct 2024,4,1
27 oct 2024,1,32
27 oct 2024,2,15
27 oct 2024,7,57
28 oct 2024,2,12
28 oct 2024,20,3
28 oct 2024,1,34
28 oct 2024,4,2
28 oct 2024,6,159
28 oct 2024,7,55
29 oct 2024,1,41
29 oct 2024,7,70
29 oct 2024,6,152
29 oct 2024,2,20
29 oct 2024,4,2
29 oct 2024,20,3
30 oct 2024,4,6
30 oct 2024,6,155
30 oct 2024,3,1
30 oct 2024,2,11
30 oct 2024,7,58
30 oct 2024,1,32
31 oct 2024,7,87
31 oct 2024,1,53
31 oct 2024,20,1
31 oct 2024,4,4
31 oct 2024,2,17
31 oct 2024,3,1
31 oct 2024,6,216
1 nov 2024,8,1
1 nov 2024,2,34
1 nov 2024,20,1
1 nov 2024,3,3
1 nov 2024,7,119
1 nov 2024,6,232
1 nov 2024,1,60
1 nov 2024,4,2
2 nov 2024,1,60
2 nov 2024,7,88
2 nov 2024,6,101
2 nov 2024,4,2
2 nov 2024,2,31
3 nov 2024,7,44
3 nov 2024,2,10
3 nov 2024,4,3
3 nov 2024,6,72
3 nov 2024,1,28
4 nov 2024,4,3
4 nov 2024,1,19
4 nov 2024,2,18
4 nov 2024,7,66
4 nov 2024,17,1
4 nov 2024,6,146
5 nov 2024,1,23
5 nov 2024,6,121
5 nov 2024,2,17
5 nov 2024,7,45
5 nov 2024,3,1
6 nov 2024,1,24
6 nov 2024,4,1
6 nov 2024,2,16
6 nov 2024,6,97
6 nov 2024,20,1
6 nov 2024,7,50
7 nov 2024,6,94
7 nov 2024,17,1
7 nov 2024,7,43
7 nov 2024,4,1
7 nov 2024,20,1
7 nov 2024,2,9
7 nov 2024,1,14
8 nov 2024,7,37
8 nov 2024,2,10
8 nov 2024,4,1
8 nov 2024,6,103
8 nov 2024,1,18
9 nov 2024,6,84
9 nov 2024,1,15
9 nov 2024,7,25
9 nov 2024,4,2
9 nov 2024,17,2
9 nov 2024,20,2
9 nov 2024,2,7
10 nov 2024,7,17
10 nov 2024,2,6
10 nov 2024,6,25
10 nov 2024,1,16
10 nov 2024,4,2
11 nov 2024,6,125
11 nov 2024,1,29
11 nov 2024,7,43
11 nov 2024,3,1
11 nov 2024,4,3
11 nov 2024,2,12
12 nov 2024,1,24
12 nov 2024,4,2
12 nov 2024,6,167
12 nov 2024,7,64
12 nov 2024,2,9
13 nov 2024,7,33
13 nov 2024,4,2
13 nov 2024,20,2
13 nov 2024,1,30
13 nov 2024,3,1
13 nov 2024,6,165
13 nov 2024,2,18
14 nov 2024,3,2
14 nov 2024,2,19
14 nov 2024,6,167
14 nov 2024,1,50
14 nov 2024,7,73
15 nov 2024,2,29
15 nov 2024,3,3
15 nov 2024,7,107
15 nov 2024,6,210
15 nov 2024,4,4
15 nov 2024,20,1
15 nov 2024,1,50
16 nov 2024,7,126
16 nov 2024,4,5
16 nov 2024,17,1
16 nov 2024,3,1
16 nov 2024,6,256
16 nov 2024,1,59
16 nov 2024,20,2
16 nov 2024,2,34
17 nov 2024,6,81
17 nov 2024,7,41
17 nov 2024,2,7
17 nov 2024,20,4
17 nov 2024,1,24
17 nov 2024,4,1
18 nov 2024,3,1
18 nov 2024,6,60
18 nov 2024,2,7
18 nov 2024,7,13
18 nov 2024,4,2
18 nov 2024,1,8
19 nov 2024,7,94
19 nov 2024,2,19
19 nov 2024,17,1
19 nov 2024,20,1
19 nov 2024,1,47
19 nov 2024,4,2
19 nov 2024,6,182
19 nov 2024,3,1
20 nov 2024,6,167
20 nov 2024,2,15
20 nov 2024,1,39
20 nov 2024,7,103
20 nov 2024,4,1
20 nov 2024,17,1
21 nov 2024,7,121
21 nov 2024,2,27
21 nov 2024,6,203
21 nov 2024,1,43
21 nov 2024,4,1
21 nov 2024,20,1
22 nov 2024,1,29
22 nov 2024,7,83
22 nov 2024,6,214
22 nov 2024,4,2
22 nov 2024,2,27
23 nov 2024,1,40
23 nov 2024,2,27
23 nov 2024,4,3
23 nov 2024,7,69
23 nov 2024,6,159
24 nov 2024,20,1
24 nov 2024,4,2
24 nov 2024,7,26
24 nov 2024,1,26
24 nov 2024,2,5
24 nov 2024,6,46
25 nov 2024,3,1
25 nov 2024,2,13
25 nov 2024,7,40
25 nov 2024,1,15
25 nov 2024,6,125
26 nov 2024,17,1
26 nov 2024,4,1
26 nov 2024,7,65
26 nov 2024,1,30
26 nov 2024,20,2
26 nov 2024,6,129
26 nov 2024,2,14
27 nov 2024,1,19
27 nov 2024,2,13
27 nov 2024,4,1
27 nov 2024,20,2
27 nov 2024,7,60
27 nov 2024,3,2
27 nov 2024,6,159
28 nov 2024,1,39
28 nov 2024,20,1
28 nov 2024,7,63
28 nov 2024,6,166
28 nov 2024,3,2
28 nov 2024,2,14
29 nov 2024,6,195
29 nov 2024,3,1
29 nov 2024,2,24
29 nov 2024,1,45
29 nov 2024,7,76
29 nov 2024,4,5
30 nov 2024,2,29
30 nov 2024,4,4
30 nov 2024,1,30
30 nov 2024,3,1
30 nov 2024,6,172
30 nov 2024,20,2
30 nov 2024,7,81
1 dic 2024,3,1
1 dic 2024,20,1
1 dic 2024,4,2
1 dic 2024,7,44
1 dic 2024,6,57
1 dic 2024,2,13
1 dic 2024,1,30
2 dic 2024,7,57
2 dic 2024,1,17
2 dic 2024,3,2
2 dic 2024,6,107
2 dic 2024,4,3
2 dic 2024,2,4
3 dic 2024,4,2
3 dic 2024,3,2
3 dic 2024,7,82
3 dic 2024,6,144
3 dic 2024,2,18
3 dic 2024,20,2
3 dic 2024,1,31
4 dic 2024,3,1
4 dic 2024,7,43
4 dic 2024,4,3
4 dic 2024,6,109
4 dic 2024,2,18
4 dic 2024,1,25
5 dic 2024,4,2
5 dic 2024,3,3
5 dic 2024,2,30
5 dic 2024,7,69
5 dic 2024,20,1
5 dic 2024,1,55
5 dic 2024,6,180
6 dic 2024,3,3
6 dic 2024,20,1
6 dic 2024,2,31
6 dic 2024,1,75
6 dic 2024,6,238
6 dic 2024,7,139
6 dic 2024,4,3
7 dic 2024,7,62
7 dic 2024,2,34
7 dic 2024,3,2
7 dic 2024,4,2
7 dic 2024,6,162
7 dic 2024,1,57
7 dic 2024,20,2
8 dic 2024,2,17
8 dic 2024,4,2
8 dic 2024,7,43
8 dic 2024,6,61
8 dic 2024,1,30
9 dic 2024,4,2
9 dic 2024,20,2
9 dic 2024,2,14
9 dic 2024,7,86
9 dic 2024,1,46
9 dic 2024,3,4
9 dic 2024,6,139
9 dic 2024,17,1
10 dic 2024,7,109
10 dic 2024,3,5
10 dic 2024,1,54
10 dic 2024,17,1
10 dic 2024,4,3
10 dic 2024,2,20
10 dic 2024,6,143
11 dic 2024,20,2
11 dic 2024,2,29
11 dic 2024,4,4
11 dic 2024,1,43
11 dic 2024,3,5
11 dic 2024,7,83
11 dic 2024,6,140
12 dic 2024,6,99
12 dic 2024,2,30
12 dic 2024,3,5
12 dic 2024,7,53
12 dic 2024,1,47
12 dic 2024,4,5
13 dic 2024,17,1
13 dic 2024,3,5
13 dic 2024,1,47
13 dic 2024,20,2
13 dic 2024,7,115
13 dic 2024,2,24
13 dic 2024,6,228
13 dic 2024,4,4
14 dic 2024,6,197
14 dic 2024,3,2
14 dic 2024,2,14
14 dic 2024,7,84
14 dic 2024,1,46
15 dic 2024,6,88
15 dic 2024,4,5
15 dic 2024,7,48
15 dic 2024,20,2
15 dic 2024,2,12
15 dic 2024,3,1
15 dic 2024,1,39
16 dic 2024,1,35
16 dic 2024,4,5
16 dic 2024,6,208
16 dic 2024,7,83
16 dic 2024,2,34
17 dic 2024,7,74
17 dic 2024,3,1
17 dic 2024,2,31
17 dic 2024,6,178
17 dic 2024,1,54
17 dic 2024,4,1
17 dic 2024,20,2
18 dic 2024,6,183
18 dic 2024,4,10
18 dic 2024,2,15
18 dic 2024,7,86
18 dic 2024,3,1
18 dic 2024,1,55
19 dic 2024,2,13
19 dic 2024,4,1
19 dic 2024,6,125
19 dic 2024,1,38
19 dic 2024,7,50
19 dic 2024,20,3
20 dic 2024,6,155
20 dic 2024,3,1
20 dic 2024,7,64
20 dic 2024,2,18
20 dic 2024,4,3
20 dic 2024,1,40
21 dic 2024,2,25
21 dic 2024,4,7
21 dic 2024,7,77
21 dic 2024,1,62
21 dic 2024,6,184
21 dic 2024,20,2
21 dic 2024,3,3
22 dic 2024,2,13
22 dic 2024,3,1
22 dic 2024,4,3
22 dic 2024,6,97
22 dic 2024,20,1
22 dic 2024,7,56
22 dic 2024,1,52
23 dic 2024,1,53
23 dic 2024,20,2
23 dic 2024,3,2
23 dic 2024,6,158
23 dic 2024,2,33
23 dic 2024,7,77
23 dic 2024,4,2
24 dic 2024,2,14
24 dic 2024,6,123
24 dic 2024,1,30
24 dic 2024,7,57
24 dic 2024,4,2
24 dic 2024,3,1
24 dic 2024,20,1
24 dic 2024,22,1
25 dic 2024,3,1
25 dic 2024,6,18
25 dic 2024,1,35
25 dic 2024,2,14
25 dic 2024,7,18
26 dic 2024,1,19
26 dic 2024,7,23
26 dic 2024,2,5
26 dic 2024,4,1
26 dic 2024,6,58
27 dic 2024,2,16
27 dic 2024,6,113
27 dic 2024,3,1
27 dic 2024,1,17
27 dic 2024,20,3
27 dic 2024,4,2
27 dic 2024,7,32
28 dic 2024,7,39
28 dic 2024,4,4
28 dic 2024,1,20
28 dic 2024,2,7
28 dic 2024,6,115
28 dic 2024,3,2
29 dic 2024,1,35
29 dic 2024,7,25
29 dic 2024,3,1
29 dic 2024,4,1
29 dic 2024,2,12
29 dic 2024,6,55
30 dic 2024,20,1
30 dic 2024,3,1
30 dic 2024,2,11
30 dic 2024,6,97
30 dic 2024,4,5
30 dic 2024,7,43
30 dic 2024,1,35
31 dic 2024,7,56
31 dic 2024,3,1
31 dic 2024,4,3
31 dic 2024,1,27
31 dic 2024,6,103
31 dic 2024,2,11